1960,1961,1962,1963,1964,1965,1966,1967,1968,1969,1970,1971,1972,1973,1974,1975,1976,1977,1978,1979,1980,1981,1982,1983,1984,1985,1986,1987
64.0,47.0,52.0,66.0,60.0,46.0,50.0,48.0,51.0,48.0,72.0,40.0,75.0,55.0,64.0,80.0,63.0,58.0,84.0,104.0,57.0,53.0,58.0,74.0,97.0,96.0,71.0,79.0
65.0,47.0,53.0,67.0,60.0,46.0,50.0,48.0,127.0,49.0,72.0,40.0,72.0,55.0,61.0,81.0,61.0,58.0,76.0,80.0,57.0,52.0,59.0,75.0,100.0,97.0,71.0,151.0
64.0,48.0,54.0,70.0,60.0,46.0,51.0,49.0,92.0,49.0,91.0,40.0,70.0,57.0,60.0,81.0,60.0,61.0,108.0,61.0,56.0,51.0,61.0,75.0,99.0,103.0,71.0,221.0
65.0,47.0,52.0,72.0,60.0,46.0,50.0,49.0,74.0,49.0,75.0,40.0,67.0,55.0,60.0,81.0,60.0,57.0,177.0,60.0,57.0,50.0,62.0,75.0,97.0,115.0,71.0,223.0
64.0,54.0,52.0,73.0,84.0,46.0,51.0,49.0,77.0,50.0,36.0,40.0,67.0,53.0,62.0,81.0,60.0,57.0,173.0,60.0,58.0,50.0,61.0,72.0,92.0,149.0,71.0,124.0
65.0,143.0,54.0,74.0,123.0,46.0,52.0,49.0,73.0,51.0,36.0,40.0,67.0,55.0,73.0,81.0,65.0,55.0,172.0,60.0,58.0,50.0,63.0,75.0,92.0,155.0,71.0,55.0
67.0,92.0,55.0,75.0,90.0,47.0,51.0,49.0,71.0,50.0,36.0,40.0,64.0,55.0,85.0,81.0,70.0,55.0,172.0,60.0,59.0,50.0,82.0,80.0,92.0,150.0,97.0,133.0
67.0,80.0,54.0,81.0,83.0,47.0,50.0,49.0,69.0,50.0,36.0,40.0,64.0,55.0,79.0,81.0,71.0,55.0,170.0,61.0,60.0,51.0,81.0,78.0,91.0,143.0,113.0,100.0
69.0,69.0,56.0,173.0,93.0,47.0,51.0,49.0,68.0,51.0,36.0,40.0,63.0,57.0,75.0,81.0,77.0,54.0,169.0,64.0,58.0,49.0,78.0,77.0,90.0,130.0,113.0,79.0
67.0,67.0,61.0,538.0,104.0,47.0,52.0,49.0,68.0,52.0,63.0,40.0,62.0,74.0,72.0,81.0,151.0,54.0,169.0,84.0,94.0,96.0,79.0,77.0,92.0,130.0,113.0,78.0
66.0,64.0,69.0,905.0,243.0,47.0,53.0,49.0,66.0,76.0,110.0,40.0,62.0,127.0,70.0,83.0,148.0,54.0,169.0,100.0,105.0,143.0,92.0,135.0,106.0,131.0,113.0,47.0
64.0,63.0,68.0,2830.0,127.0,47.0,53.0,49.0,66.0,122.0,110.0,40.0,62.0,155.0,70.0,84.0,133.0,54.0,157.0,90.0,105.0,146.0,75.0,313.0,163.0,145.0,113.0,56.0
63.0,60.0,64.0,1250.0,106.0,48.0,52.0,50.0,66.0,85.0,110.0,40.0,62.0,150.0,70.0,67.0,131.0,84.0,131.0,97.0,105.0,141.0,119.0,330.0,267.0,152.0,113.0,48.0
63.0,59.0,63.0,620.0,97.0,48.0,54.0,50.0,66.0,72.0,110.0,40.0,62.0,152.0,70.0,53.0,131.0,120.0,120.0,96.0,105.0,139.0,170.0,233.0,304.0,151.0,111.0,46.0
61.0,59.0,59.0,375.0,92.0,48.0,56.0,51.0,66.0,68.0,110.0,41.0,63.0,152.0,64.0,53.0,129.0,118.0,102.0,97.0,105.0,137.0,226.0,144.0,304.0,150.0,111.0,46.0
59.0,59.0,60.0,277.0,91.0,48.0,57.0,51.0,65.0,65.0,112.0,45.0,70.0,150.0,61.0,53.0,131.0,118.0,102.0,97.0,133.0,135.0,230.0,136.0,304.0,150.0,111.0,46.0
59.0,60.0,61.0,233.0,89.0,48.0,57.0,51.0,65.0,63.0,112.0,51.0,65.0,150.0,60.0,53.0,130.0,115.0,54.0,97.0,148.0,133.0,222.0,112.0,260.0,128.0,111.0,46.0
59.0,61.0,60.0,207.0,84.0,48.0,58.0,51.0,65.0,60.0,110.0,56.0,65.0,135.0,60.0,52.0,131.0,116.0,23.0,97.0,148.0,132.0,220.0,112.0,43.0,79.0,109.0,45.0
62.0,59.0,61.0,191.0,86.0,50.0,58.0,51.0,65.0,62.0,110.0,62.0,69.0,125.0,60.0,52.0,131.0,114.0,23.0,97.0,149.0,130.0,216.0,112.0,54.0,78.0,109.0,45.0
62.0,61.0,62.0,176.0,87.0,50.0,58.0,52.0,65.0,64.0,110.0,142.0,85.0,125.0,86.0,52.0,131.0,113.0,23.0,95.0,150.0,129.0,200.0,112.0,97.0,77.0,108.0,45.0
62.0,61.0,63.0,167.0,87.0,52.0,57.0,54.0,68.0,61.0,101.0,169.0,82.0,123.0,225.0,52.0,129.0,112.0,29.0,95.0,148.0,128.0,138.0,121.0,96.0,77.0,114.0,42.0
65.0,58.0,63.0,163.0,98.0,53.0,58.0,54.0,72.0,60.0,68.0,168.0,76.0,123.0,610.0,52.0,129.0,112.0,42.0,96.0,149.0,126.0,129.0,137.0,96.0,77.0,111.0,40.0
63.0,56.0,62.0,153.0,125.0,53.0,58.0,54.0,71.0,61.0,68.0,172.0,85.0,123.0,955.0,52.0,129.0,112.0,43.0,90.0,150.0,126.0,107.0,359.0,97.0,77.0,111.0,61.0
63.0,56.0,63.0,151.0,102.0,54.0,57.0,54.0,69.0,62.0,68.0,174.0,86.0,123.0,500.0,52.0,129.0,111.0,43.0,98.0,154.0,124.0,107.0,490.0,108.0,77.0,109.0,47.0
63.0,57.0,63.0,146.0,99.0,54.0,56.0,53.0,68.0,62.0,68.0,172.0,77.0,123.0,294.0,52.0,133.0,109.0,70.0,98.0,196.0,124.0,106.0,428.0,120.0,77.0,108.0,47.0
63.0,59.0,65.0,146.0,94.0,60.0,54.0,52.0,68.0,63.0,68.0,160.0,76.0,123.0,255.0,52.0,132.0,109.0,90.0,98.0,154.0,122.0,105.0,249.0,103.0,77.0,71.0,47.0
62.0,60.0,98.0,141.0,91.0,73.0,54.0,52.0,68.0,62.0,68.0,172.0,79.0,123.0,210.0,73.0,129.0,107.0,90.0,98.0,152.0,115.0,114.0,288.0,95.0,77.0,41.0,49.0
62.0,62.0,91.0,142.0,90.0,94.0,57.0,52.0,68.0,61.0,68.0,172.0,76.0,122.0,182.0,132.0,130.0,105.0,84.0,97.0,150.0,75.0,154.0,281.0,93.0,77.0,41.0,48.0
62.0,59.0,75.0,132.0,96.0,110.0,56.0,51.0,68.0,75.0,68.0,172.0,69.0,121.0,142.0,183.0,133.0,105.0,76.0,97.0,184.0,73.0,116.0,230.0,95.0,77.0,41.0,82.0
62.0,59.0,70.0,135.0,89.0,88.0,57.0,52.0,68.0,81.0,53.0,172.0,82.0,121.0,142.0,178.0,140.0,105.0,77.0,97.0,256.0,72.0,114.0,170.0,98.0,77.0,51.0,116.0
62.0,59.0,69.0,133.0,86.0,79.0,57.0,53.0,68.0,71.0,34.0,172.0,89.0,86.0,142.0,178.0,133.0,104.0,85.0,140.0,254.0,72.0,111.0,143.0,106.0,80.0,58.0,148.0
62.0,57.0,70.0,131.0,85.0,104.0,56.0,53.0,68.0,68.0,34.0,172.0,97.0,35.0,141.0,177.0,131.0,102.0,98.0,167.0,251.0,72.0,110.0,139.0,156.0,88.0,58.0,119.0
62.0,59.0,71.0,129.0,84.0,106.0,57.0,52.0,68.0,92.0,34.0,102.0,86.0,53.0,139.0,175.0,129.0,91.0,103.0,167.0,248.0,72.0,110.0,137.0,125.0,137.0,58.0,114.0
64.0,61.0,69.0,130.0,100.0,88.0,56.0,53.0,68.0,86.0,34.0,40.0,85.0,84.0,139.0,128.0,130.0,80.0,103.0,167.0,251.0,72.0,109.0,137.0,157.0,151.0,58.0,88.0
65.0,59.0,70.0,130.0,145.0,78.0,62.0,52.0,69.0,76.0,37.0,89.0,85.0,83.0,140.0,91.0,129.0,80.0,101.0,167.0,251.0,72.0,109.0,135.0,196.0,146.0,86.0,47.0
65.0,63.0,69.0,130.0,324.0,75.0,64.0,53.0,70.0,75.0,43.0,190.0,85.0,82.0,149.0,92.0,129.0,80.0,97.0,165.0,254.0,72.0,109.0,135.0,196.0,146.0,113.0,47.0
65.0,66.0,70.0,131.0,280.0,76.0,61.0,80.0,72.0,73.0,37.0,175.0,85.0,82.0,179.0,93.0,129.0,80.0,97.0,164.0,259.0,71.0,103.0,132.0,196.0,150.0,113.0,50.0
65.0,68.0,68.0,133.0,174.0,75.0,100.0,68.0,70.0,72.0,47.0,168.0,85.0,85.0,176.0,121.0,112.0,80.0,97.0,350.0,247.0,91.0,92.0,132.0,196.0,128.0,113.0,85.0
65.0,65.0,67.0,131.0,192.0,196.0,156.0,65.0,75.0,70.0,57.0,171.0,85.0,83.0,739.0,148.0,100.0,79.0,95.0,716.0,240.0,86.0,90.0,132.0,216.0,130.0,113.0,122.0
65.0,66.0,65.0,145.0,293.0,253.0,84.0,65.0,78.0,72.0,43.0,188.0,87.0,84.0,1600.0,145.0,100.0,63.0,94.0,542.0,155.0,80.0,90.0,132.0,296.0,135.0,113.0,134.0
65.0,67.0,64.0,148.0,211.0,159.0,75.0,64.0,75.0,70.0,39.0,196.0,89.0,84.0,2950.0,187.0,101.0,47.0,85.0,214.0,107.0,76.0,90.0,131.0,431.0,142.0,113.0,107.0
65.0,72.0,67.0,175.0,176.0,135.0,76.0,72.0,72.0,115.0,38.0,220.0,97.0,86.0,4220.0,221.0,101.0,47.0,76.0,213.0,107.0,65.0,94.0,130.0,377.0,309.0,112.0,61.0
65.0,102.0,66.0,346.0,168.0,127.0,124.0,83.0,71.0,151.0,38.0,216.0,161.0,84.0,3120.0,221.0,101.0,47.0,76.0,213.0,105.0,64.0,110.0,128.0,419.0,954.0,111.0,45.0
64.0,98.0,63.0,258.0,191.0,118.0,360.0,195.0,73.0,97.0,38.0,208.0,170.0,94.0,1640.0,169.0,100.0,48.0,76.0,213.0,105.0,64.0,120.0,128.0,587.0,1340.0,111.0,49.0
64.0,84.0,65.0,219.0,1310.0,110.0,900.0,404.0,158.0,88.0,37.0,204.0,147.0,111.0,1170.0,133.0,101.0,52.0,76.0,167.0,105.0,64.0,130.0,118.0,837.0,489.0,111.0,45.0
66.0,78.0,67.0,201.0,645.0,100.0,931.0,496.0,97.0,85.0,37.0,202.0,116.0,173.0,1190.0,134.0,119.0,49.0,76.0,67.0,104.0,64.0,850.0,103.0,865.0,248.0,111.0,44.0
66.0,83.0,66.0,198.0,371.0,98.0,347.0,475.0,82.0,88.0,38.0,200.0,101.0,244.0,1270.0,133.0,115.0,49.0,76.0,31.0,111.0,64.0,3700.0,103.0,400.0,244.0,111.0,44.0
67.0,92.0,66.0,194.0,297.0,96.0,1070.0,192.0,77.0,94.0,37.0,198.0,96.0,309.0,1170.0,91.0,112.0,49.0,76.0,30.0,120.0,64.0,2500.0,104.0,472.0,163.0,111.0,46.0
67.0,119.0,69.0,195.0,255.0,96.0,1650.0,164.0,76.0,114.0,40.0,198.0,110.0,294.0,1090.0,59.0,110.0,58.0,76.0,30.0,118.0,64.0,940.0,114.0,416.0,236.0,87.0,101.0
67.0,86.0,71.0,186.0,286.0,94.0,912.0,956.0,76.0,109.0,50.0,198.0,131.0,291.0,632.0,59.0,117.0,91.0,76.0,33.0,118.0,64.0,890.0,112.0,398.0,235.0,72.0,232.0
66.0,74.0,72.0,187.0,248.0,95.0,466.0,1800.0,72.0,96.0,50.0,196.0,131.0,229.0,172.0,58.0,131.0,77.0,76.0,32.0,116.0,64.0,840.0,110.0,384.0,230.0,60.0,214.0
64.0,73.0,70.0,187.0,217.0,97.0,335.0,716.0,72.0,90.0,50.0,196.0,131.0,128.0,316.0,140.0,131.0,77.0,76.0,34.0,116.0,64.0,870.0,110.0,337.0,230.0,43.0,266.0
66.0,69.0,73.0,188.0,203.0,107.0,272.0,410.0,71.0,89.0,50.0,199.0,131.0,183.0,434.0,230.0,131.0,76.0,77.0,38.0,118.0,64.0,860.0,110.0,217.0,224.0,43.0,243.0
66.0,85.0,98.0,185.0,211.0,105.0,286.0,295.0,69.0,86.0,50.0,201.0,131.0,288.0,431.0,224.0,131.0,76.0,80.0,38.0,118.0,64.0,880.0,110.0,217.0,224.0,43.0,242.0
66.0,185.0,188.0,186.0,205.0,125.0,327.0,231.0,69.0,90.0,52.0,280.0,131.0,365.0,392.0,182.0,129.0,76.0,92.0,38.0,121.0,64.0,870.0,110.0,258.0,224.0,43.0,175.0
66.0,683.0,128.0,195.0,203.0,173.0,258.0,192.0,69.0,92.0,52.0,394.0,131.0,764.0,296.0,140.0,129.0,75.0,94.0,38.0,122.0,64.0,850.0,110.0,258.0,222.0,43.0,203.0
66.0,215.0,219.0,835.0,211.0,147.0,226.0,174.0,68.0,87.0,52.0,421.0,132.0,1020.0,220.0,138.0,127.0,73.0,97.0,39.0,122.0,64.0,814.0,110.0,193.0,150.0,43.0,38.0
65.0,134.0,215.0,522.0,217.0,130.0,211.0,160.0,69.0,85.0,52.0,426.0,133.0,998.0,219.0,116.0,127.0,73.0,100.0,39.0,121.0,64.0,792.0,118.0,143.0,170.0,43.0,37.0
66.0,110.0,159.0,352.0,208.0,142.0,194.0,223.0,76.0,82.0,52.0,421.0,135.0,511.0,227.0,97.0,125.0,73.0,110.0,40.0,150.0,64.0,381.0,172.0,143.0,186.0,43.0,37.0
66.0,97.0,201.0,294.0,200.0,137.0,186.0,339.0,78.0,84.0,52.0,434.0,134.0,94.0,460.0,97.0,125.0,73.0,155.0,38.0,164.0,64.0,73.0,272.0,143.0,121.0,43.0,57.0
68.0,174.0,283.0,268.0,197.0,154.0,186.0,307.0,79.0,86.0,52.0,434.0,133.0,394.0,1490.0,97.0,123.0,73.0,284.0,32.0,164.0,64.0,94.0,277.0,143.0,120.0,43.0,126.0
68.0,1440.0,319.0,266.0,189.0,273.0,180.0,620.0,79.0,85.0,52.0,421.0,132.0,140.0,1370.0,96.0,114.0,73.0,312.0,32.0,164.0,64.0,172.0,262.0,143.0,117.0,43.0,127.0
68.0,604.0,218.0,751.0,183.0,210.0,178.0,752.0,82.0,81.0,52.0,403.0,136.0,20.0,1200.0,100.0,99.0,72.0,216.0,31.0,185.0,91.0,247.0,254.0,143.0,117.0,100.0,109.0
66.0,291.0,153.0,713.0,178.0,171.0,186.0,590.0,87.0,80.0,52.0,385.0,138.0,19.0,1020.0,238.0,99.0,75.0,118.0,31.0,190.0,196.0,337.0,249.0,149.0,372.0,124.0,123.0
65.0,204.0,132.0,451.0,175.0,152.0,186.0,1170.0,146.0,81.0,52.0,381.0,132.0,18.0,515.0,364.0,99.0,74.0,118.0,31.0,236.0,238.0,355.0,247.0,150.0,115.0,122.0,125.0
63.0,167.0,126.0,365.0,173.0,141.0,203.0,1000.0,131.0,82.0,52.0,390.0,132.0,17.0,354.0,440.0,105.0,74.0,135.0,31.0,312.0,269.0,360.0,242.0,190.0,113.0,124.0,129.0
65.0,148.0,118.0,325.0,183.0,132.0,217.0,532.0,99.0,79.0,52.0,416.0,137.0,16.0,388.0,349.0,109.0,74.0,155.0,30.0,486.0,290.0,378.0,186.0,255.0,113.0,122.0,90.0
68.0,140.0,110.0,303.0,175.0,128.0,214.0,399.0,92.0,87.0,52.0,502.0,133.0,15.0,391.0,269.0,107.0,74.0,169.0,30.0,298.0,282.0,320.0,143.0,273.0,125.0,122.0,48.0
68.0,133.0,109.0,286.0,173.0,139.0,208.0,331.0,87.0,101.0,52.0,502.0,132.0,14.0,389.0,215.0,107.0,74.0,188.0,29.0,193.0,278.0,288.0,141.0,281.0,138.0,122.0,44.0
70.0,131.0,101.0,271.0,168.0,157.0,194.0,311.0,84.0,111.0,52.0,502.0,131.0,14.0,385.0,176.0,107.0,74.0,169.0,29.0,193.0,214.0,300.0,141.0,623.0,140.0,120.0,43.0
70.0,131.0,101.0,259.0,158.0,228.0,183.0,303.0,83.0,614.0,56.0,480.0,131.0,14.0,382.0,126.0,107.0,74.0,150.0,29.0,191.0,142.0,300.0,140.0,1050.0,308.0,120.0,78.0
68.0,131.0,94.0,241.0,150.0,309.0,178.0,295.0,82.0,264.0,121.0,470.0,131.0,14.0,419.0,59.0,105.0,74.0,150.0,29.0,159.0,141.0,288.0,138.0,1150.0,286.0,78.0,146.0
68.0,130.0,103.0,227.0,152.0,204.0,170.0,343.0,81.0,162.0,193.0,462.0,131.0,14.0,457.0,59.0,107.0,74.0,140.0,29.0,94.0,141.0,284.0,140.0,894.0,270.0,40.0,128.0
70.0,132.0,98.0,332.0,150.0,172.0,160.0,528.0,78.0,139.0,157.0,457.0,131.0,14.0,458.0,59.0,107.0,74.0,141.0,29.0,92.0,141.0,357.0,139.0,590.0,222.0,40.0,93.0
70.0,131.0,97.0,394.0,147.0,163.0,153.0,516.0,77.0,136.0,193.0,390.0,131.0,14.0,412.0,59.0,107.0,74.0,793.0,29.0,123.0,139.0,470.0,139.0,476.0,146.0,40.0,108.0
70.0,155.0,97.0,1480.0,144.0,159.0,141.0,398.0,78.0,318.0,126.0,221.0,131.0,14.0,335.0,59.0,117.0,74.0,1350.0,29.0,185.0,134.0,530.0,151.0,398.0,142.0,40.0,69.0
70.0,264.0,96.0,1180.0,142.0,147.0,137.0,343.0,80.0,174.0,95.0,193.0,131.0,14.0,300.0,59.0,139.0,74.0,832.0,29.0,185.0,130.0,498.0,693.0,499.0,142.0,57.0,79.0
72.0,412.0,100.0,920.0,139.0,132.0,134.0,315.0,82.0,141.0,86.0,191.0,131.0,19.0,378.0,84.0,147.0,74.0,346.0,30.0,185.0,130.0,573.0,1260.0,674.0,142.0,68.0,80.0
72.0,616.0,98.0,669.0,139.0,139.0,134.0,295.0,81.0,86.0,86.0,193.0,131.0,33.0,407.0,104.0,147.0,74.0,337.0,30.0,185.0,109.0,667.0,882.0,539.0,142.0,68.0,101.0
70.0,509.0,142.0,518.0,138.0,144.0,130.0,287.0,80.0,26.0,265.0,193.0,129.0,51.0,398.0,104.0,126.0,74.0,329.0,30.0,134.0,77.0,1960.0,162.0,388.0,142.0,68.0,98.0
70.0,328.0,347.0,423.0,142.0,220.0,126.0,279.0,79.0,28.0,370.0,196.0,129.0,46.0,490.0,115.0,104.0,74.0,324.0,30.0,109.0,76.0,2780.0,297.0,363.0,142.0,68.0,88.0
70.0,268.0,344.0,388.0,137.0,2420.0,128.0,267.0,79.0,75.0,867.0,193.0,130.0,97.0,577.0,127.0,104.0,63.0,324.0,30.0,112.0,78.0,1450.0,661.0,297.0,142.0,68.0,90.0
72.0,234.0,202.0,335.0,134.0,8970.0,122.0,251.0,79.0,105.0,1230.0,191.0,132.0,177.0,463.0,127.0,104.0,48.0,320.0,30.0,112.0,80.0,989.0,719.0,251.0,142.0,68.0,98.0
107.0,218.0,163.0,304.0,132.0,5260.0,119.0,243.0,81.0,101.0,808.0,191.0,132.0,140.0,430.0,127.0,112.0,48.0,364.0,30.0,112.0,95.0,756.0,577.0,251.0,142.0,68.0,102.0
129.0,203.0,148.0,275.0,130.0,2790.0,122.0,223.0,85.0,118.0,561.0,191.0,141.0,134.0,357.0,127.0,128.0,48.0,308.0,30.0,113.0,109.0,620.0,248.0,331.0,140.0,68.0,92.0
97.0,194.0,142.0,258.0,130.0,1570.0,119.0,211.0,96.0,116.0,516.0,191.0,138.0,126.0,303.0,125.0,129.0,48.0,292.0,29.0,114.0,110.0,532.0,141.0,576.0,138.0,68.0,91.0
80.0,183.0,130.0,229.0,128.0,1330.0,119.0,195.0,115.0,94.0,444.0,191.0,136.0,122.0,303.0,112.0,115.0,48.0,284.0,29.0,114.0,110.0,476.0,140.0,732.0,138.0,68.0,88.0
79.0,176.0,126.0,225.0,133.0,1010.0,119.0,181.0,155.0,99.0,385.0,191.0,133.0,123.0,304.0,102.0,104.0,48.0,517.0,29.0,141.0,110.0,454.0,139.0,846.0,138.0,68.0,89.0
79.0,165.0,120.0,207.0,179.0,740.0,165.0,178.0,164.0,95.0,318.0,193.0,131.0,123.0,307.0,102.0,105.0,48.0,564.0,34.0,155.0,110.0,403.0,142.0,614.0,138.0,68.0,88.0
75.0,158.0,120.0,198.0,188.0,572.0,150.0,170.0,136.0,112.0,286.0,159.0,131.0,121.0,357.0,100.0,105.0,48.0,383.0,38.0,155.0,126.0,448.0,145.0,465.0,138.0,68.0,89.0
75.0,150.0,117.0,190.0,171.0,481.0,134.0,164.0,101.0,90.0,250.0,121.0,131.0,120.0,399.0,100.0,105.0,48.0,505.0,37.0,161.0,141.0,593.0,146.0,540.0,138.0,68.0,76.0
74.0,145.0,114.0,184.0,164.0,413.0,128.0,159.0,101.0,81.0,232.0,123.0,131.0,119.0,391.0,99.0,105.0,56.0,554.0,38.0,194.0,148.0,736.0,141.0,527.0,138.0,68.0,100.0
72.0,133.0,115.0,174.0,159.0,371.0,122.0,155.0,97.0,101.0,216.0,121.0,131.0,119.0,386.0,99.0,100.0,67.0,441.0,38.0,184.0,155.0,805.0,145.0,513.0,138.0,70.0,148.0
71.0,132.0,115.0,172.0,158.0,330.0,124.0,150.0,92.0,75.0,197.0,121.0,131.0,118.0,379.0,100.0,105.0,68.0,319.0,38.0,177.0,155.0,607.0,139.0,503.0,137.0,83.0,98.0
74.0,125.0,116.0,168.0,149.0,320.0,126.0,149.0,86.0,55.0,184.0,119.0,96.0,117.0,375.0,99.0,105.0,68.0,252.0,69.0,172.0,155.0,418.0,135.0,500.0,133.0,83.0,149.0
72.0,123.0,115.0,163.0,143.0,308.0,170.0,148.0,86.0,151.0,176.0,164.0,67.0,117.0,352.0,97.0,105.0,68.0,604.0,122.0,230.0,155.0,417.0,120.0,473.0,122.0,78.0,106.0
74.0,123.0,112.0,158.0,139.0,697.0,229.0,145.0,85.0,130.0,163.0,241.0,67.0,116.0,295.0,97.0,104.0,66.0,977.0,122.0,259.0,148.0,414.0,118.0,388.0,108.0,103.0,97.0
76.0,117.0,119.0,153.0,139.0,706.0,343.0,136.0,81.0,81.0,163.0,235.0,67.0,115.0,292.0,97.0,104.0,66.0,460.0,122.0,261.0,139.0,233.0,118.0,393.0,108.0,109.0,114.0
77.0,118.0,141.0,152.0,137.0,478.0,300.0,133.0,80.0,124.0,168.0,230.0,67.0,113.0,289.0,100.0,104.0,66.0,506.0,122.0,259.0,139.0,164.0,117.0,395.0,108.0,116.0,68.0
86.0,119.0,159.0,144.0,135.0,381.0,339.0,130.0,79.0,151.0,182.0,225.0,66.0,114.0,176.0,105.0,104.0,66.0,539.0,126.0,255.0,139.0,164.0,115.0,398.0,110.0,114.0,87.0
79.0,126.0,157.0,142.0,134.0,334.0,275.0,130.0,81.0,131.0,336.0,195.0,65.0,115.0,101.0,104.0,104.0,66.0,1370.0,124.0,255.0,128.0,164.0,112.0,444.0,111.0,113.0,85.0
79.0,126.0,145.0,135.0,132.0,334.0,239.0,130.0,80.0,109.0,385.0,166.0,65.0,115.0,103.0,104.0,104.0,68.0,1440.0,132.0,257.0,110.0,164.0,111.0,475.0,120.0,109.0,82.0
83.0,125.0,133.0,116.0,132.0,401.0,211.0,130.0,82.0,151.0,356.0,166.0,65.0,120.0,126.0,103.0,104.0,68.0,1240.0,162.0,200.0,110.0,164.0,117.0,475.0,133.0,109.0,85.0
79.0,124.0,133.0,113.0,130.0,347.0,197.0,128.0,81.0,141.0,405.0,166.0,159.0,138.0,149.0,101.0,104.0,67.0,902.0,188.0,313.0,110.0,164.0,116.0,421.0,133.0,113.0,100.0
76.0,121.0,127.0,127.0,127.0,319.0,186.0,131.0,104.0,107.0,610.0,164.0,229.0,186.0,251.0,102.0,104.0,65.0,887.0,207.0,914.0,109.0,164.0,115.0,369.0,133.0,111.0,80.0
78.0,125.0,114.0,129.0,128.0,300.0,183.0,134.0,437.0,113.0,1350.0,169.0,173.0,330.0,856.0,102.0,104.0,66.0,2000.0,204.0,1600.0,109.0,164.0,120.0,279.0,133.0,111.0,84.0
78.0,130.0,117.0,128.0,129.0,303.0,217.0,137.0,595.0,321.0,903.0,302.0,132.0,390.0,3900.0,102.0,104.0,68.0,2540.0,202.0,1160.0,109.0,164.0,130.0,254.0,133.0,117.0,73.0
78.0,126.0,105.0,127.0,131.0,313.0,217.0,137.0,340.0,160.0,921.0,377.0,131.0,1420.0,9600.0,102.0,104.0,68.0,2420.0,199.0,806.0,110.0,164.0,160.0,254.0,133.0,291.0,78.0
78.0,126.0,109.0,124.0,131.0,316.0,200.0,134.0,241.0,120.0,950.0,421.0,131.0,840.0,3000.0,102.0,105.0,67.0,1710.0,150.0,704.0,124.0,164.0,250.0,248.0,133.0,364.0,85.0
80.0,125.0,110.0,126.0,132.0,330.0,189.0,134.0,193.0,137.0,696.0,742.0,132.0,627.0,2380.0,103.0,105.0,67.0,1300.0,122.0,547.0,137.0,167.0,450.0,248.0,133.0,435.0,75.0
80.0,124.0,117.0,119.0,177.0,366.0,180.0,134.0,172.0,136.0,696.0,1080.0,135.0,458.0,2160.0,104.0,105.0,65.0,1280.0,106.0,449.0,141.0,256.0,650.0,251.0,133.0,401.0,82.0
79.0,128.0,110.0,121.0,675.0,387.0,173.0,137.0,163.0,331.0,824.0,1080.0,143.0,356.0,1370.0,106.0,105.0,73.0,1100.0,97.0,393.0,175.0,292.0,442.0,251.0,133.0,420.0,74.0
81.0,128.0,126.0,122.0,327.0,372.0,168.0,167.0,176.0,645.0,1720.0,1060.0,183.0,304.0,1170.0,107.0,103.0,84.0,550.0,96.0,362.0,307.0,288.0,429.0,251.0,133.0,314.0,72.0
97.0,126.0,208.0,121.0,243.0,340.0,165.0,146.0,192.0,574.0,2980.0,1010.0,352.0,261.0,1140.0,108.0,104.0,84.0,486.0,95.0,395.0,975.0,284.0,412.0,251.0,133.0,258.0,87.0
111.0,152.0,100.0,122.0,207.0,696.0,158.0,139.0,198.0,464.0,3530.0,665.0,514.0,235.0,828.0,109.0,104.0,84.0,394.0,95.0,412.0,1580.0,284.0,454.0,251.0,133.0,242.0,83.0
141.0,154.0,94.0,127.0,190.0,717.0,155.0,140.0,200.0,368.0,2840.0,294.0,571.0,221.0,498.0,120.0,104.0,84.0,324.0,95.0,498.0,916.0,216.0,627.0,207.0,133.0,215.0,92.0
310.0,146.0,95.0,126.0,186.0,470.0,153.0,138.0,209.0,310.0,1570.0,121.0,560.0,208.0,613.0,137.0,104.0,84.0,258.0,95.0,473.0,845.0,172.0,854.0,167.0,133.0,204.0,113.0
242.0,170.0,96.0,127.0,184.0,392.0,150.0,138.0,189.0,539.0,1200.0,119.0,550.0,192.0,461.0,138.0,104.0,84.0,258.0,94.0,366.0,604.0,172.0,1990.0,167.0,134.0,193.0,168.0
168.0,191.0,96.0,123.0,183.0,347.0,148.0,207.0,169.0,489.0,1230.0,119.0,544.0,184.0,380.0,222.0,103.0,84.0,258.0,95.0,364.0,500.0,172.0,2460.0,167.0,135.0,193.0,273.0
182.0,182.0,99.0,126.0,179.0,318.0,146.0,628.0,153.0,402.0,835.0,188.0,444.0,178.0,383.0,276.0,103.0,83.0,254.0,95.0,228.0,517.0,175.0,1310.0,167.0,135.0,193.0,205.0
182.0,200.0,105.0,129.0,179.0,326.0,162.0,1350.0,151.0,328.0,637.0,317.0,342.0,183.0,380.0,128.0,102.0,83.0,254.0,94.0,167.0,293.0,173.0,1220.0,168.0,135.0,324.0,154.0
178.0,302.0,104.0,156.0,176.0,370.0,160.0,826.0,156.0,263.0,533.0,369.0,209.0,182.0,380.0,128.0,101.0,83.0,254.0,95.0,218.0,191.0,172.0,1050.0,171.0,135.0,797.0,137.0
140.0,1260.0,106.0,1140.0,176.0,383.0,153.0,708.0,142.0,228.0,675.0,373.0,159.0,174.0,380.0,129.0,102.0,83.0,253.0,95.0,243.0,188.0,172.0,364.0,172.0,135.0,1820.0,119.0
699.0,670.0,107.0,1670.0,189.0,362.0,148.0,562.0,135.0,207.0,723.0,408.0,157.0,167.0,380.0,130.0,101.0,65.0,251.0,95.0,242.0,186.0,172.0,363.0,172.0,134.0,1660.0,119.0
346.0,663.0,112.0,1110.0,184.0,335.0,143.0,458.0,141.0,185.0,804.0,439.0,125.0,152.0,375.0,131.0,101.0,44.0,251.0,94.0,240.0,182.0,172.0,355.0,172.0,135.0,1540.0,164.0
197.0,562.0,118.0,2670.0,177.0,318.0,150.0,382.0,153.0,173.0,1030.0,434.0,86.0,158.0,375.0,131.0,102.0,46.0,255.0,94.0,252.0,182.0,176.0,351.0,172.0,135.0,923.0,139.0
170.0,426.0,120.0,2220.0,177.0,315.0,223.0,354.0,153.0,168.0,1020.0,369.0,86.0,214.0,348.0,128.0,102.0,51.0,258.0,94.0,254.0,182.0,177.0,342.0,172.0,134.0,588.0,117.0
232.0,361.0,122.0,1660.0,180.0,344.0,242.0,352.0,148.0,168.0,501.0,333.0,86.0,246.0,303.0,127.0,79.0,52.0,375.0,73.0,304.0,180.0,175.0,342.0,209.0,135.0,445.0,136.0
196.0,351.0,143.0,1300.0,174.0,307.0,214.0,340.0,154.0,168.0,57.0,333.0,86.0,320.0,300.0,129.0,54.0,52.0,951.0,52.0,326.0,180.0,176.0,342.0,280.0,120.0,356.0,128.0
751.0,328.0,315.0,927.0,168.0,276.0,191.0,326.0,165.0,159.0,56.0,333.0,86.0,434.0,254.0,134.0,54.0,53.0,1510.0,52.0,324.0,180.0,177.0,342.0,284.0,116.0,306.0,132.0
1760.0,322.0,753.0,917.0,170.0,267.0,178.0,313.0,166.0,155.0,56.0,291.0,86.0,720.0,242.0,198.0,54.0,54.0,1360.0,53.0,324.0,178.0,177.0,355.0,284.0,140.0,275.0,132.0
670.0,601.0,999.0,748.0,171.0,248.0,170.0,306.0,163.0,179.0,88.0,270.0,86.0,698.0,242.0,340.0,55.0,57.0,1270.0,57.0,320.0,177.0,177.0,408.0,310.0,138.0,251.0,115.0
388.0,1700.0,649.0,654.0,177.0,236.0,168.0,317.0,168.0,283.0,125.0,270.0,86.0,487.0,242.0,292.0,55.0,72.0,781.0,80.0,316.0,177.0,177.0,390.0,301.0,138.0,233.0,144.0
269.0,2260.0,392.0,560.0,177.0,231.0,158.0,313.0,173.0,743.0,324.0,277.0,89.0,474.0,256.0,275.0,80.0,87.0,454.0,91.0,197.0,177.0,177.0,386.0,300.0,138.0,218.0,405.0
222.0,1030.0,464.0,586.0,171.0,222.0,150.0,327.0,180.0,704.0,524.0,398.0,91.0,466.0,304.0,322.0,106.0,87.0,454.0,123.0,141.0,178.0,177.0,498.0,300.0,119.0,218.0,565.0
202.0,707.0,605.0,784.0,170.0,221.0,146.0,334.0,189.0,650.0,309.0,462.0,91.0,462.0,306.0,430.0,108.0,87.0,448.0,241.0,153.0,313.0,190.0,523.0,344.0,109.0,301.0,585.0
181.0,556.0,478.0,579.0,165.0,214.0,146.0,309.0,177.0,606.0,660.0,502.0,91.0,307.0,280.0,543.0,109.0,87.0,396.0,225.0,212.0,550.0,255.0,681.0,320.0,83.0,2330.0,216.0
166.0,752.0,768.0,485.0,164.0,205.0,146.0,281.0,188.0,530.0,1040.0,525.0,91.0,282.0,238.0,520.0,109.0,87.0,319.0,244.0,255.0,526.0,429.0,668.0,334.0,129.0,4620.0,334.0
155.0,549.0,556.0,464.0,160.0,195.0,146.0,265.0,239.0,470.0,1050.0,520.0,93.0,256.0,244.0,513.0,109.0,87.0,284.0,272.0,388.0,561.0,1110.0,663.0,375.0,143.0,2230.0,473.0
145.0,440.0,378.0,420.0,159.0,196.0,146.0,256.0,425.0,350.0,1030.0,452.0,93.0,122.0,245.0,420.0,109.0,84.0,284.0,266.0,1230.0,749.0,1240.0,643.0,364.0,111.0,2080.0,488.0
142.0,362.0,316.0,386.0,155.0,196.0,150.0,253.0,323.0,294.0,1010.0,369.0,94.0,121.0,245.0,228.0,110.0,86.0,284.0,265.0,2270.0,688.0,941.0,929.0,364.0,111.0,3330.0,428.0
134.0,320.0,267.0,363.0,157.0,195.0,162.0,240.0,454.0,270.0,577.0,345.0,148.0,119.0,286.0,157.0,112.0,86.0,284.0,261.0,2020.0,786.0,907.0,865.0,341.0,111.0,2150.0,395.0
127.0,287.0,234.0,354.0,156.0,205.0,158.0,226.0,621.0,252.0,365.0,294.0,226.0,267.0,312.0,157.0,111.0,86.0,284.0,261.0,1270.0,708.0,933.0,639.0,264.0,111.0,1380.0,368.0
127.0,272.0,210.0,330.0,155.0,212.0,158.0,217.0,918.0,235.0,200.0,270.0,280.0,439.0,312.0,155.0,104.0,90.0,284.0,259.0,1000.0,637.0,1160.0,618.0,210.0,111.0,955.0,242.0
120.0,263.0,190.0,305.0,160.0,216.0,186.0,210.0,900.0,218.0,60.0,270.0,297.0,309.0,268.0,155.0,108.0,87.0,288.0,258.0,1090.0,630.0,1130.0,612.0,210.0,180.0,783.0,135.0
118.0,246.0,185.0,289.0,162.0,208.0,217.0,206.0,1030.0,210.0,59.0,221.0,313.0,195.0,242.0,155.0,109.0,87.0,288.0,177.0,899.0,619.0,878.0,507.0,210.0,214.0,733.0,117.0
113.0,233.0,180.0,276.0,162.0,204.0,223.0,213.0,855.0,204.0,59.0,193.0,356.0,270.0,242.0,156.0,107.0,85.0,292.0,137.0,392.0,505.0,687.0,342.0,210.0,215.0,690.0,138.0
117.0,224.0,160.0,262.0,161.0,206.0,200.0,219.0,732.0,200.0,60.0,193.0,352.0,353.0,197.0,158.0,108.0,85.0,292.0,137.0,472.0,618.0,579.0,342.0,210.0,215.0,676.0,182.0
113.0,211.0,150.0,260.0,158.0,214.0,189.0,200.0,690.0,188.0,59.0,193.0,350.0,731.0,198.0,157.0,170.0,86.0,296.0,139.0,647.0,486.0,527.0,411.0,210.0,215.0,692.0,123.0
111.0,203.0,145.0,243.0,157.0,258.0,183.0,191.0,649.0,182.0,58.0,193.0,371.0,1100.0,245.0,179.0,128.0,85.0,298.0,139.0,743.0,205.0,484.0,567.0,210.0,188.0,749.0,141.0
111.0,194.0,145.0,235.0,158.0,224.0,186.0,190.0,588.0,182.0,72.0,193.0,548.0,1140.0,530.0,250.0,123.0,86.0,369.0,143.0,957.0,115.0,489.0,902.0,210.0,145.0,793.0,145.0
106.0,195.0,140.0,227.0,157.0,215.0,180.0,195.0,539.0,179.0,76.0,193.0,793.0,1090.0,718.0,328.0,120.0,76.0,514.0,143.0,976.0,115.0,1760.0,1410.0,210.0,145.0,766.0,135.0
106.0,195.0,135.0,216.0,162.0,209.0,170.0,199.0,515.0,176.0,70.0,193.0,750.0,682.0,660.0,428.0,128.0,56.0,514.0,141.0,909.0,197.0,1200.0,1600.0,210.0,145.0,556.0,166.0
106.0,188.0,125.0,215.0,157.0,198.0,165.0,191.0,482.0,170.0,66.0,193.0,721.0,462.0,363.0,490.0,138.0,50.0,542.0,141.0,888.0,330.0,765.0,1450.0,208.0,145.0,603.0,522.0
112.0,181.0,130.0,206.0,152.0,190.0,160.0,180.0,452.0,168.0,188.0,193.0,874.0,452.0,135.0,493.0,135.0,51.0,588.0,141.0,871.0,391.0,596.0,1240.0,207.0,217.0,625.0,529.0
126.0,193.0,140.0,202.0,161.0,194.0,162.0,176.0,443.0,168.0,438.0,193.0,1050.0,447.0,180.0,564.0,132.0,51.0,624.0,141.0,497.0,393.0,501.0,1230.0,207.0,252.0,615.0,1160.0
227.0,188.0,160.0,195.0,165.0,190.0,191.0,175.0,496.0,171.0,263.0,193.0,1070.0,448.0,305.0,600.0,132.0,51.0,582.0,197.0,333.0,390.0,441.0,1210.0,207.0,252.0,633.0,1320.0
427.0,177.0,160.0,190.0,157.0,185.0,211.0,178.0,414.0,173.0,140.0,193.0,1060.0,431.0,335.0,845.0,128.0,51.0,565.0,231.0,333.0,383.0,400.0,851.0,207.0,161.0,1490.0,759.0
1180.0,190.0,150.0,183.0,162.0,183.0,304.0,182.0,352.0,172.0,145.0,193.0,633.0,409.0,335.0,1320.0,126.0,51.0,1070.0,261.0,333.0,382.0,388.0,443.0,207.0,110.0,2070.0,616.0
702.0,190.0,150.0,175.0,151.0,189.0,501.0,192.0,309.0,171.0,248.0,193.0,563.0,254.0,311.0,1120.0,127.0,52.0,1340.0,292.0,331.0,378.0,396.0,453.0,207.0,108.0,1250.0,545.0
427.0,186.0,145.0,168.0,153.0,197.0,604.0,237.0,276.0,167.0,514.0,196.0,651.0,185.0,335.0,974.0,126.0,52.0,1040.0,302.0,329.0,378.0,407.0,1020.0,207.0,108.0,1000.0,502.0
308.0,211.0,140.0,159.0,150.0,209.0,452.0,228.0,244.0,165.0,512.0,215.0,799.0,187.0,364.0,941.0,128.0,53.0,757.0,306.0,329.0,367.0,432.0,1550.0,207.0,108.0,817.0,565.0
264.0,195.0,135.0,155.0,159.0,218.0,447.0,211.0,226.0,167.0,507.0,264.0,834.0,165.0,481.0,310.0,129.0,53.0,738.0,352.0,327.0,325.0,413.0,1430.0,211.0,108.0,712.0,809.0
260.0,193.0,135.0,154.0,162.0,208.0,675.0,199.0,228.0,166.0,380.0,349.0,822.0,159.0,497.0,295.0,118.0,53.0,402.0,374.0,280.0,261.0,388.0,2170.0,216.0,108.0,678.0,962.0
260.0,330.0,135.0,158.0,162.0,209.0,663.0,189.0,226.0,170.0,128.0,403.0,848.0,156.0,417.0,280.0,100.0,53.0,116.0,374.0,259.0,261.0,389.0,1610.0,338.0,182.0,574.0,800.0
241.0,648.0,140.0,162.0,167.0,213.0,592.0,206.0,254.0,179.0,128.0,325.0,858.0,166.0,370.0,335.0,105.0,53.0,102.0,324.0,279.0,261.0,373.0,957.0,508.0,218.0,525.0,652.0
220.0,445.0,145.0,168.0,181.0,218.0,452.0,1280.0,278.0,200.0,128.0,201.0,852.0,202.0,371.0,385.0,110.0,53.0,109.0,318.0,277.0,261.0,372.0,779.0,552.0,218.0,486.0,601.0
210.0,390.0,145.0,171.0,179.0,217.0,375.0,909.0,356.0,273.0,331.0,196.0,851.0,229.0,464.0,495.0,126.0,54.0,188.0,388.0,272.0,261.0,348.0,725.0,469.0,218.0,452.0,448.0
234.0,338.0,150.0,176.0,186.0,206.0,339.0,654.0,276.0,314.0,452.0,193.0,854.0,227.0,526.0,750.0,113.0,54.0,342.0,379.0,269.0,261.0,381.0,525.0,407.0,218.0,408.0,356.0
274.0,335.0,165.0,180.0,195.0,201.0,323.0,541.0,233.0,318.0,451.0,191.0,853.0,231.0,588.0,875.0,96.0,54.0,398.0,374.0,189.0,261.0,340.0,482.0,396.0,218.0,393.0,350.0
328.0,306.0,190.0,186.0,193.0,203.0,297.0,530.0,214.0,317.0,448.0,191.0,846.0,243.0,623.0,700.0,97.0,54.0,470.0,303.0,109.0,261.0,312.0,497.0,346.0,218.0,409.0,298.0
378.0,285.0,200.0,188.0,196.0,221.0,282.0,475.0,205.0,318.0,447.0,193.0,792.0,267.0,546.0,565.0,96.0,55.0,542.0,215.0,60.0,261.0,296.0,623.0,272.0,218.0,449.0,291.0
434.0,318.0,210.0,184.0,193.0,236.0,282.0,489.0,182.0,350.0,447.0,201.0,536.0,264.0,478.0,500.0,94.0,55.0,738.0,193.0,58.0,244.0,289.0,1150.0,274.0,218.0,489.0,296.0
495.0,322.0,200.0,215.0,193.0,238.0,282.0,606.0,177.0,404.0,245.0,241.0,375.0,255.0,479.0,425.0,95.0,55.0,1140.0,193.0,63.0,271.0,288.0,1090.0,324.0,218.0,512.0,289.0
518.0,322.0,190.0,205.0,190.0,228.0,300.0,500.0,176.0,430.0,115.0,229.0,358.0,234.0,480.0,465.0,97.0,55.0,1050.0,193.0,126.0,284.0,288.0,876.0,403.0,218.0,681.0,259.0
542.0,295.0,200.0,194.0,191.0,219.0,343.0,433.0,186.0,442.0,115.0,452.0,349.0,235.0,489.0,535.0,97.0,55.0,764.0,195.0,217.0,361.0,288.0,592.0,413.0,218.0,612.0,190.0
567.0,293.0,220.0,198.0,181.0,215.0,424.0,381.0,273.0,478.0,210.0,1110.0,342.0,236.0,538.0,520.0,96.0,55.0,687.0,225.0,235.0,442.0,288.0,246.0,408.0,218.0,563.0,257.0
625.0,279.0,280.0,462.0,179.0,207.0,538.0,351.0,280.0,562.0,446.0,810.0,337.0,237.0,930.0,435.0,110.0,56.0,668.0,594.0,217.0,383.0,291.0,139.0,463.0,218.0,582.0,206.0
778.0,251.0,370.0,478.0,182.0,209.0,657.0,347.0,263.0,619.0,445.0,730.0,332.0,236.0,1130.0,365.0,123.0,56.0,712.0,661.0,208.0,342.0,323.0,189.0,483.0,218.0,596.0,215.0
688.0,244.0,381.0,446.0,196.0,219.0,778.0,326.0,273.0,680.0,444.0,725.0,329.0,256.0,1330.0,330.0,133.0,56.0,829.0,517.0,202.0,329.0,318.0,495.0,461.0,218.0,642.0,227.0
476.0,267.0,470.0,455.0,222.0,230.0,876.0,308.0,312.0,710.0,443.0,650.0,325.0,272.0,1880.0,320.0,125.0,56.0,975.0,435.0,207.0,321.0,300.0,803.0,438.0,218.0,682.0,197.0
687.0,311.0,540.0,418.0,260.0,234.0,942.0,301.0,372.0,730.0,255.0,600.0,322.0,270.0,1230.0,312.0,128.0,56.0,1020.0,378.0,214.0,305.0,316.0,895.0,352.0,218.0,700.0,272.0
481.0,395.0,600.0,344.0,296.0,326.0,1010.0,302.0,407.0,754.0,107.0,400.0,322.0,267.0,1140.0,290.0,158.0,56.0,1050.0,345.0,217.0,292.0,346.0,855.0,360.0,221.0,626.0,317.0
385.0,590.0,660.0,296.0,308.0,291.0,997.0,289.0,434.0,731.0,107.0,340.0,323.0,240.0,918.0,265.0,150.0,56.0,833.0,326.0,218.0,277.0,705.0,830.0,367.0,224.0,547.0,426.0
375.0,779.0,690.0,278.0,283.0,249.0,890.0,277.0,377.0,749.0,213.0,325.0,325.0,224.0,973.0,242.0,132.0,56.0,668.0,312.0,213.0,258.0,770.0,758.0,343.0,228.0,539.0,476.0
415.0,782.0,720.0,270.0,259.0,257.0,805.0,263.0,322.0,732.0,451.0,335.0,326.0,204.0,634.0,222.0,125.0,56.0,625.0,297.0,209.0,244.0,673.0,479.0,331.0,236.0,546.0,413.0
503.0,630.0,820.0,388.0,260.0,294.0,833.0,278.0,306.0,773.0,451.0,355.0,360.0,195.0,628.0,200.0,148.0,56.0,586.0,332.0,224.0,249.0,210.0,369.0,322.0,373.0,435.0,364.0
589.0,558.0,900.0,821.0,265.0,274.0,912.0,332.0,304.0,740.0,451.0,335.0,958.0,217.0,634.0,188.0,172.0,57.0,529.0,449.0,313.0,269.0,207.0,369.0,325.0,750.0,402.0,320.0
589.0,498.0,1000.0,811.0,253.0,266.0,935.0,328.0,287.0,722.0,255.0,360.0,1030.0,251.0,605.0,172.0,238.0,72.0,459.0,467.0,288.0,272.0,207.0,369.0,337.0,831.0,519.0,363.0
608.0,464.0,1060.0,595.0,262.0,265.0,876.0,313.0,282.0,703.0,126.0,450.0,722.0,252.0,546.0,160.0,276.0,101.0,438.0,444.0,251.0,272.0,205.0,310.0,323.0,830.0,605.0,418.0
556.0,476.0,940.0,487.0,288.0,274.0,890.0,321.0,285.0,690.0,126.0,580.0,572.0,269.0,510.0,150.0,703.0,112.0,434.0,455.0,233.0,268.0,266.0,240.0,381.0,728.0,394.0,462.0
525.0,452.0,760.0,466.0,313.0,261.0,847.0,424.0,307.0,680.0,255.0,764.0,484.0,471.0,548.0,145.0,444.0,111.0,402.0,406.0,241.0,262.0,308.0,243.0,371.0,503.0,584.0,510.0
484.0,483.0,720.0,449.0,308.0,250.0,712.0,396.0,365.0,680.0,445.0,665.0,435.0,756.0,635.0,146.0,334.0,105.0,427.0,379.0,266.0,261.0,659.0,309.0,358.0,503.0,748.0,495.0
439.0,539.0,880.0,1050.0,311.0,261.0,609.0,369.0,453.0,693.0,273.0,635.0,418.0,827.0,580.0,149.0,364.0,100.0,562.0,370.0,265.0,261.0,1450.0,434.0,330.0,502.0,674.0,425.0
364.0,469.0,1000.0,1220.0,312.0,277.0,570.0,373.0,456.0,703.0,106.0,526.0,404.0,826.0,498.0,153.0,331.0,104.0,569.0,369.0,266.0,258.0,1320.0,475.0,314.0,584.0,601.0,460.0
350.0,439.0,1200.0,3240.0,317.0,374.0,587.0,363.0,380.0,693.0,106.0,481.0,372.0,810.0,486.0,158.0,302.0,100.0,560.0,369.0,292.0,266.0,1080.0,429.0,305.0,636.0,300.0,460.0
355.0,442.0,1200.0,1690.0,340.0,787.0,675.0,360.0,348.0,694.0,104.0,485.0,340.0,625.0,517.0,157.0,268.0,102.0,559.0,378.0,346.0,302.0,768.0,428.0,313.0,843.0,130.0,474.0
306.0,539.0,1000.0,911.0,372.0,840.0,847.0,327.0,346.0,695.0,126.0,486.0,335.0,438.0,633.0,158.0,239.0,107.0,532.0,490.0,364.0,330.0,640.0,430.0,389.0,851.0,324.0,590.0
282.0,619.0,920.0,651.0,366.0,572.0,883.0,330.0,319.0,707.0,243.0,484.0,347.0,439.0,702.0,204.0,242.0,105.0,468.0,559.0,383.0,357.0,579.0,433.0,559.0,845.0,374.0,613.0
274.0,549.0,940.0,517.0,326.0,688.0,771.0,316.0,302.0,722.0,254.0,480.0,344.0,493.0,769.0,263.0,235.0,101.0,407.0,488.0,462.0,379.0,558.0,434.0,569.0,443.0,329.0,578.0
267.0,439.0,799.0,457.0,304.0,1110.0,633.0,317.0,286.0,734.0,251.0,479.0,328.0,528.0,768.0,365.0,234.0,102.0,413.0,428.0,505.0,464.0,527.0,613.0,554.0,293.0,279.0,418.0
267.0,383.0,611.0,386.0,289.0,1680.0,554.0,306.0,278.0,749.0,217.0,481.0,323.0,486.0,616.0,399.0,253.0,110.0,424.0,369.0,564.0,480.0,514.0,812.0,455.0,293.0,279.0,327.0
275.0,407.0,552.0,339.0,286.0,1630.0,522.0,302.0,263.0,755.0,204.0,443.0,230.0,457.0,567.0,410.0,325.0,109.0,419.0,369.0,944.0,493.0,522.0,813.0,395.0,293.0,412.0,460.0
279.0,390.0,602.0,317.0,295.0,1170.0,532.0,315.0,246.0,788.0,212.0,359.0,175.0,459.0,672.0,421.0,339.0,112.0,409.0,369.0,1040.0,504.0,554.0,1080.0,378.0,235.0,617.0,519.0
252.0,327.0,724.0,306.0,294.0,983.0,570.0,306.0,232.0,809.0,211.0,333.0,265.0,468.0,860.0,428.0,351.0,120.0,407.0,369.0,744.0,582.0,638.0,1320.0,378.0,204.0,661.0,527.0
245.0,297.0,826.0,306.0,271.0,918.0,651.0,297.0,242.0,777.0,207.0,333.0,301.0,523.0,864.0,524.0,362.0,128.0,408.0,371.0,681.0,731.0,751.0,1110.0,459.0,201.0,482.0,523.0
217.0,279.0,732.0,293.0,249.0,910.0,738.0,294.0,249.0,770.0,205.0,333.0,343.0,689.0,592.0,574.0,337.0,137.0,415.0,367.0,697.0,663.0,803.0,828.0,515.0,199.0,352.0,573.0
207.0,292.0,632.0,279.0,241.0,958.0,687.0,292.0,259.0,759.0,208.0,334.0,315.0,930.0,503.0,482.0,414.0,162.0,473.0,409.0,695.0,577.0,760.0,678.0,507.0,116.0,301.0,540.0
208.0,317.0,741.0,282.0,248.0,1030.0,592.0,291.0,262.0,762.0,207.0,339.0,288.0,1130.0,449.0,465.0,386.0,178.0,500.0,537.0,682.0,486.0,757.0,621.0,406.0,98.0,366.0,563.0
272.0,370.0,640.0,302.0,264.0,1140.0,554.0,276.0,309.0,772.0,198.0,421.0,301.0,1110.0,584.0,426.0,338.0,182.0,529.0,644.0,693.0,451.0,822.0,694.0,349.0,209.0,416.0,636.0
224.0,494.0,485.0,362.0,297.0,1160.0,527.0,268.0,316.0,555.0,188.0,446.0,359.0,1030.0,641.0,437.0,277.0,188.0,544.0,634.0,784.0,521.0,813.0,805.0,324.0,302.0,217.0,667.0
214.0,562.0,441.0,461.0,334.0,1030.0,527.0,252.0,356.0,122.0,192.0,560.0,346.0,834.0,698.0,441.0,281.0,187.0,562.0,629.0,863.0,653.0,767.0,726.0,326.0,327.0,181.0,705.0
235.0,618.0,489.0,499.0,316.0,845.0,554.0,247.0,405.0,123.0,203.0,647.0,324.0,680.0,895.0,448.0,342.0,185.0,537.0,675.0,748.0,715.0,793.0,641.0,328.0,340.0,303.0,762.0
268.0,570.0,585.0,499.0,289.0,670.0,604.0,268.0,384.0,319.0,243.0,632.0,330.0,682.0,1100.0,507.0,403.0,185.0,571.0,668.0,660.0,602.0,841.0,618.0,328.0,380.0,481.0,582.0
309.0,531.0,703.0,532.0,265.0,566.0,657.0,304.0,376.0,662.0,315.0,773.0,366.0,734.0,1110.0,623.0,444.0,174.0,696.0,682.0,561.0,491.0,859.0,632.0,341.0,420.0,686.0,408.0
326.0,495.0,728.0,660.0,257.0,522.0,785.0,360.0,401.0,652.0,436.0,964.0,412.0,807.0,1040.0,630.0,462.0,156.0,721.0,800.0,642.0,418.0,848.0,820.0,407.0,378.0,538.0,386.0
305.0,442.0,708.0,1110.0,241.0,480.0,876.0,430.0,476.0,519.0,501.0,952.0,465.0,740.0,1020.0,535.0,468.0,143.0,631.0,1020.0,727.0,372.0,784.0,827.0,458.0,382.0,455.0,406.0
293.0,440.0,751.0,1100.0,231.0,426.0,785.0,535.0,452.0,648.0,510.0,763.0,518.0,740.0,1080.0,484.0,456.0,134.0,577.0,889.0,780.0,352.0,783.0,762.0,481.0,279.0,403.0,522.0
327.0,405.0,779.0,1190.0,223.0,386.0,681.0,752.0,373.0,932.0,452.0,670.0,558.0,579.0,1150.0,489.0,450.0,129.0,568.0,695.0,852.0,341.0,857.0,723.0,472.0,236.0,365.0,533.0
455.0,448.0,908.0,935.0,214.0,381.0,645.0,1120.0,359.0,942.0,452.0,1070.0,545.0,606.0,1180.0,551.0,448.0,124.0,644.0,582.0,637.0,267.0,860.0,719.0,424.0,298.0,339.0,500.0
466.0,726.0,813.0,709.0,210.0,394.0,675.0,1210.0,357.0,904.0,480.0,990.0,468.0,757.0,1160.0,707.0,494.0,117.0,787.0,541.0,552.0,237.0,713.0,708.0,400.0,329.0,332.0,521.0
506.0,979.0,714.0,614.0,218.0,407.0,645.0,906.0,374.0,915.0,424.0,850.0,401.0,779.0,1160.0,841.0,624.0,124.0,917.0,466.0,544.0,238.0,627.0,667.0,485.0,212.0,352.0,430.0
581.0,772.0,610.0,526.0,237.0,446.0,576.0,699.0,377.0,955.0,356.0,890.0,374.0,748.0,1060.0,834.0,667.0,132.0,953.0,433.0,495.0,240.0,578.0,500.0,582.0,166.0,341.0,429.0
676.0,612.0,532.0,461.0,256.0,494.0,522.0,595.0,381.0,962.0,324.0,940.0,368.0,690.0,1130.0,832.0,659.0,135.0,850.0,432.0,444.0,239.0,574.0,396.0,615.0,207.0,443.0,364.0
647.0,549.0,480.0,433.0,269.0,552.0,511.0,572.0,362.0,965.0,290.0,970.0,385.0,841.0,1020.0,940.0,573.0,134.0,904.0,481.0,428.0,249.0,609.0,403.0,721.0,239.0,406.0,344.0
495.0,570.0,425.0,431.0,274.0,538.0,476.0,649.0,349.0,557.0,282.0,860.0,429.0,1200.0,984.0,1230.0,553.0,127.0,1120.0,641.0,310.0,266.0,674.0,573.0,787.0,239.0,372.0,358.0
423.0,631.0,406.0,493.0,264.0,527.0,424.0,853.0,289.0,433.0,307.0,803.0,481.0,1290.0,907.0,1290.0,563.0,123.0,1120.0,801.0,289.0,274.0,682.0,857.0,767.0,239.0,248.0,326.0
398.0,689.0,409.0,570.0,257.0,575.0,401.0,1210.0,261.0,934.0,370.0,748.0,509.0,1270.0,386.0,1190.0,543.0,114.0,854.0,811.0,345.0,260.0,676.0,987.0,505.0,187.0,390.0,310.0
368.0,782.0,457.0,688.0,272.0,555.0,388.0,1480.0,256.0,1110.0,500.0,617.0,477.0,1250.0,258.0,1110.0,540.0,114.0,778.0,787.0,365.0,249.0,733.0,1000.0,359.0,165.0,286.0,334.0
332.0,900.0,522.0,773.0,286.0,469.0,384.0,1470.0,261.0,1150.0,550.0,550.0,442.0,1230.0,398.0,1100.0,384.0,110.0,675.0,767.0,371.0,278.0,709.0,1110.0,360.0,255.0,399.0,292.0
298.0,1020.0,480.0,831.0,248.0,465.0,401.0,1440.0,275.0,1050.0,540.0,543.0,372.0,1140.0,396.0,1140.0,349.0,113.0,632.0,743.0,385.0,324.0,637.0,1350.0,356.0,325.0,545.0,260.0
270.0,1020.0,416.0,917.0,238.0,439.0,438.0,1430.0,417.0,885.0,496.0,547.0,327.0,1010.0,296.0,1040.0,351.0,110.0,753.0,726.0,397.0,318.0,625.0,1530.0,390.0,178.0,553.0,189.0
289.0,910.0,382.0,849.0,241.0,419.0,452.0,1450.0,542.0,877.0,432.0,502.0,365.0,799.0,438.0,743.0,286.0,106.0,916.0,722.0,456.0,282.0,655.0,1810.0,569.0,191.0,472.0,202.0
270.0,867.0,408.0,755.0,229.0,398.0,388.0,1510.0,428.0,941.0,432.0,488.0,361.0,559.0,556.0,560.0,216.0,104.0,991.0,699.0,497.0,268.0,695.0,1970.0,533.0,270.0,410.0,232.0
236.0,779.0,413.0,669.0,215.0,339.0,331.0,1500.0,377.0,1020.0,468.0,535.0,325.0,530.0,674.0,658.0,215.0,107.0,818.0,625.0,477.0,254.0,721.0,2170.0,470.0,215.0,355.0,207.0
258.0,706.0,378.0,613.0,200.0,309.0,312.0,1270.0,326.0,1110.0,432.0,607.0,295.0,626.0,792.0,877.0,215.0,118.0,663.0,565.0,408.0,254.0,738.0,2260.0,398.0,199.0,313.0,204.0
306.0,706.0,344.0,554.0,197.0,300.0,315.0,1010.0,297.0,1050.0,398.0,710.0,285.0,628.0,886.0,844.0,183.0,119.0,618.0,504.0,355.0,256.0,826.0,2350.0,398.0,244.0,308.0,167.0
289.0,700.0,337.0,502.0,189.0,303.0,319.0,952.0,318.0,1020.0,406.0,752.0,288.0,539.0,1060.0,821.0,130.0,141.0,465.0,479.0,313.0,281.0,857.0,2380.0,428.0,206.0,395.0,169.0
434.0,600.0,383.0,436.0,188.0,323.0,304.0,927.0,291.0,947.0,414.0,635.0,294.0,536.0,1130.0,909.0,132.0,174.0,330.0,470.0,284.0,289.0,819.0,2430.0,461.0,170.0,491.0,167.0
501.0,565.0,422.0,402.0,211.0,353.0,282.0,925.0,292.0,790.0,394.0,803.0,312.0,415.0,1190.0,973.0,133.0,158.0,444.0,459.0,264.0,262.0,482.0,2450.0,436.0,159.0,554.0,159.0
518.0,541.0,469.0,423.0,209.0,372.0,258.0,844.0,298.0,767.0,342.0,750.0,334.0,243.0,998.0,1060.0,136.0,144.0,632.0,449.0,247.0,251.0,446.0,2680.0,353.0,158.0,471.0,161.0
531.0,540.0,488.0,408.0,188.0,366.0,252.0,741.0,289.0,834.0,293.0,634.0,359.0,333.0,831.0,1160.0,136.0,132.0,724.0,351.0,242.0,248.0,447.0,2530.0,355.0,158.0,370.0,162.0
524.0,521.0,475.0,355.0,171.0,335.0,232.0,641.0,257.0,824.0,296.0,516.0,357.0,434.0,719.0,1250.0,136.0,126.0,654.0,184.0,240.0,250.0,440.0,2150.0,355.0,165.0,561.0,155.0
561.0,661.0,477.0,300.0,160.0,293.0,208.0,582.0,225.0,764.0,259.0,459.0,338.0,409.0,631.0,1310.0,136.0,122.0,637.0,97.0,238.0,244.0,510.0,1750.0,355.0,189.0,481.0,141.0
613.0,832.0,479.0,269.0,153.0,268.0,197.0,517.0,215.0,754.0,203.0,408.0,307.0,354.0,736.0,1200.0,137.0,117.0,623.0,52.0,249.0,243.0,459.0,1440.0,352.0,179.0,285.0,121.0
607.0,757.0,436.0,252.0,145.0,265.0,186.0,502.0,219.0,921.0,268.0,372.0,281.0,272.0,900.0,1090.0,140.0,112.0,648.0,51.0,257.0,215.0,414.0,1410.0,351.0,147.0,342.0,117.0
537.0,742.0,361.0,238.0,139.0,255.0,173.0,564.0,205.0,1140.0,304.0,376.0,263.0,299.0,866.0,990.0,140.0,109.0,729.0,69.0,251.0,159.0,386.0,1490.0,217.0,147.0,354.0,116.0
472.0,691.0,316.0,245.0,139.0,248.0,160.0,624.0,204.0,1160.0,296.0,383.0,240.0,288.0,823.0,976.0,138.0,105.0,846.0,156.0,256.0,139.0,361.0,1490.0,161.0,147.0,313.0,113.0
398.0,610.0,306.0,220.0,158.0,239.0,160.0,677.0,437.0,1080.0,282.0,405.0,224.0,257.0,812.0,970.0,136.0,101.0,915.0,181.0,258.0,118.0,329.0,1560.0,204.0,147.0,201.0,112.0
332.0,533.0,310.0,208.0,240.0,225.0,168.0,701.0,300.0,1080.0,282.0,438.0,214.0,236.0,771.0,922.0,136.0,103.0,887.0,169.0,251.0,118.0,310.0,1710.0,242.0,143.0,125.0,114.0
293.0,487.0,323.0,197.0,268.0,210.0,168.0,678.0,236.0,631.0,272.0,445.0,205.0,234.0,660.0,896.0,135.0,110.0,809.0,160.0,235.0,117.0,293.0,1810.0,298.0,137.0,214.0,117.0
266.0,436.0,358.0,186.0,242.0,191.0,160.0,671.0,203.0,333.0,276.0,433.0,194.0,233.0,713.0,618.0,135.0,103.0,796.0,152.0,219.0,114.0,291.0,1850.0,283.0,122.0,245.0,123.0
230.0,393.0,354.0,186.0,237.0,177.0,153.0,653.0,180.0,333.0,276.0,426.0,206.0,218.0,735.0,427.0,118.0,99.0,682.0,143.0,216.0,114.0,298.0,1740.0,186.0,122.0,196.0,131.0
210.0,407.0,315.0,186.0,220.0,169.0,150.0,648.0,163.0,333.0,224.0,388.0,265.0,164.0,580.0,556.0,91.0,99.0,585.0,137.0,224.0,114.0,315.0,1430.0,157.0,124.0,53.0,115.0
194.0,374.0,296.0,173.0,198.0,164.0,141.0,626.0,157.0,329.0,190.0,363.0,224.0,163.0,403.0,499.0,91.0,98.0,540.0,129.0,239.0,114.0,324.0,1170.0,159.0,102.0,117.0,108.0
182.0,368.0,265.0,170.0,178.0,160.0,137.0,598.0,148.0,333.0,187.0,341.0,251.0,165.0,430.0,543.0,91.0,94.0,516.0,124.0,294.0,114.0,347.0,1110.0,159.0,63.0,134.0,101.0
170.0,373.0,234.0,162.0,162.0,164.0,137.0,602.0,143.0,333.0,203.0,317.0,246.0,167.0,603.0,577.0,91.0,91.0,496.0,119.0,301.0,114.0,329.0,1130.0,163.0,55.0,146.0,94.0
157.0,365.0,217.0,155.0,155.0,161.0,132.0,620.0,139.0,333.0,195.0,296.0,154.0,160.0,576.0,549.0,91.0,90.0,492.0,117.0,313.0,114.0,326.0,1180.0,167.0,55.0,145.0,95.0
144.0,337.0,212.0,155.0,152.0,163.0,128.0,632.0,131.0,333.0,133.0,286.0,118.0,134.0,560.0,477.0,91.0,90.0,430.0,117.0,271.0,114.0,322.0,1180.0,167.0,60.0,136.0,94.0
134.0,306.0,199.0,158.0,145.0,165.0,124.0,639.0,126.0,329.0,133.0,281.0,142.0,122.0,484.0,388.0,91.0,90.0,400.0,117.0,240.0,114.0,315.0,1280.0,167.0,65.0,129.0,94.0
122.0,272.0,187.0,141.0,146.0,163.0,117.0,641.0,120.0,329.0,131.0,273.0,164.0,116.0,366.0,351.0,91.0,92.0,392.0,115.0,224.0,112.0,301.0,1270.0,167.0,57.0,146.0,93.0
116.0,241.0,179.0,138.0,138.0,160.0,115.0,651.0,113.0,238.0,131.0,262.0,164.0,100.0,376.0,321.0,75.0,92.0,338.0,110.0,223.0,78.0,291.0,1070.0,167.0,64.0,133.0,88.0
112.0,224.0,168.0,129.0,134.0,160.0,113.0,596.0,110.0,168.0,135.0,246.0,147.0,100.0,457.0,292.0,58.0,75.0,337.0,108.0,223.0,45.0,294.0,884.0,106.0,86.0,131.0,84.0
103.0,205.0,159.0,127.0,127.0,159.0,108.0,528.0,108.0,166.0,133.0,235.0,118.0,105.0,419.0,260.0,61.0,55.0,336.0,103.0,227.0,45.0,288.0,788.0,106.0,90.0,120.0,80.0
100.0,185.0,151.0,127.0,114.0,159.0,104.0,459.0,105.0,166.0,133.0,225.0,104.0,106.0,389.0,235.0,68.0,54.0,342.0,99.0,215.0,45.0,268.0,860.0,137.0,92.0,111.0,80.0
94.0,172.0,140.0,125.0,109.0,162.0,102.0,404.0,101.0,95.0,129.0,215.0,104.0,106.0,362.0,235.0,79.0,53.0,340.0,95.0,202.0,45.0,248.0,1050.0,137.0,92.0,101.0,79.0
92.0,162.0,129.0,124.0,101.0,145.0,98.0,371.0,99.0,43.0,127.0,202.0,98.0,104.0,342.0,242.0,79.0,52.0,342.0,208.0,195.0,44.0,237.0,1010.0,137.0,92.0,94.0,74.0
90.0,150.0,125.0,115.0,94.0,148.0,91.0,346.0,96.0,43.0,127.0,197.0,93.0,103.0,293.0,248.0,76.0,52.0,338.0,63.0,189.0,44.0,179.0,932.0,137.0,94.0,94.0,71.0
83.0,140.0,119.0,110.0,85.0,148.0,88.0,329.0,93.0,43.0,127.0,220.0,93.0,100.0,261.0,273.0,77.0,51.0,337.0,62.0,163.0,55.0,166.0,883.0,88.0,88.0,94.0,73.0
81.0,128.0,112.0,108.0,83.0,133.0,84.0,307.0,88.0,42.0,127.0,218.0,111.0,97.0,265.0,275.0,69.0,44.0,337.0,62.0,149.0,61.0,330.0,687.0,58.0,72.0,94.0,73.0
80.0,123.0,106.0,104.0,81.0,128.0,83.0,281.0,86.0,39.0,127.0,195.0,113.0,96.0,262.0,264.0,69.0,36.0,337.0,62.0,148.0,65.0,287.0,815.0,58.0,68.0,92.0,72.0
75.0,118.0,101.0,102.0,82.0,121.0,83.0,260.0,83.0,39.0,126.0,177.0,78.0,94.0,261.0,219.0,70.0,36.0,337.0,67.0,146.0,69.0,455.0,826.0,83.0,68.0,91.0,69.0
73.0,113.0,94.0,102.0,81.0,117.0,81.0,241.0,83.0,39.0,93.0,166.0,77.0,95.0,258.0,173.0,70.0,36.0,293.0,74.0,140.0,70.0,389.0,798.0,132.0,68.0,89.0,68.0
73.0,108.0,90.0,98.0,75.0,116.0,78.0,223.0,80.0,40.0,66.0,157.0,75.0,71.0,152.0,150.0,69.0,37.0,270.0,73.0,137.0,70.0,316.0,759.0,132.0,68.0,86.0,68.0
74.0,101.0,90.0,95.0,75.0,112.0,77.0,210.0,78.0,94.0,66.0,147.0,55.0,57.0,81.0,130.0,68.0,40.0,272.0,70.0,132.0,70.0,297.0,813.0,132.0,68.0,74.0,67.0
70.0,92.0,89.0,96.0,76.0,107.0,77.0,200.0,77.0,137.0,66.0,136.0,55.0,67.0,198.0,131.0,68.0,47.0,274.0,72.0,132.0,69.0,287.0,723.0,134.0,68.0,50.0,67.0
69.0,87.0,85.0,95.0,74.0,102.0,75.0,184.0,75.0,136.0,80.0,135.0,55.0,74.0,273.0,131.0,67.0,51.0,271.0,73.0,132.0,66.0,256.0,688.0,108.0,67.0,68.0,66.0
66.0,89.0,83.0,93.0,75.0,98.0,71.0,171.0,75.0,135.0,95.0,129.0,54.0,72.0,189.0,131.0,66.0,47.0,269.0,74.0,132.0,65.0,236.0,689.0,60.0,67.0,66.0,65.0
63.0,87.0,76.0,91.0,78.0,94.0,68.0,158.0,74.0,134.0,94.0,127.0,54.0,74.0,140.0,130.0,66.0,45.0,269.0,74.0,130.0,69.0,215.0,722.0,60.0,67.0,68.0,64.0
62.0,86.0,74.0,91.0,75.0,90.0,66.0,145.0,71.0,106.0,94.0,123.0,58.0,76.0,138.0,130.0,65.0,44.0,228.0,74.0,130.0,69.0,199.0,670.0,60.0,67.0,70.0,64.0
65.0,82.0,74.0,88.0,66.0,85.0,64.0,136.0,69.0,40.0,94.0,119.0,53.0,81.0,140.0,130.0,64.0,45.0,160.0,72.0,107.0,61.0,188.0,619.0,60.0,58.0,80.0,64.0
66.0,78.0,75.0,84.0,60.0,85.0,66.0,127.0,67.0,40.0,92.0,117.0,48.0,85.0,219.0,130.0,63.0,45.0,165.0,70.0,72.0,62.0,179.0,618.0,60.0,52.0,86.0,64.0
65.0,76.0,70.0,81.0,60.0,86.0,64.0,120.0,64.0,40.0,73.0,114.0,48.0,86.0,230.0,130.0,63.0,42.0,187.0,71.0,91.0,63.0,172.0,560.0,60.0,51.0,92.0,64.0
61.0,72.0,70.0,80.0,59.0,85.0,62.0,113.0,64.0,40.0,53.0,110.0,48.0,86.0,163.0,129.0,62.0,40.0,197.0,74.0,126.0,59.0,166.0,289.0,60.0,51.0,92.0,64.0
61.0,73.0,67.0,78.0,57.0,82.0,61.0,108.0,65.0,39.0,53.0,108.0,49.0,78.0,150.0,129.0,61.0,42.0,193.0,73.0,123.0,60.0,157.0,336.0,61.0,51.0,92.0,64.0
59.0,86.0,68.0,78.0,61.0,82.0,60.0,104.0,65.0,39.0,53.0,104.0,59.0,64.0,159.0,129.0,63.0,41.0,184.0,70.0,116.0,62.0,154.0,526.0,92.0,50.0,92.0,64.0
58.0,80.0,66.0,76.0,70.0,82.0,59.0,102.0,66.0,39.0,53.0,99.0,68.0,55.0,155.0,129.0,61.0,40.0,172.0,64.0,114.0,57.0,149.0,369.0,137.0,50.0,92.0,65.0
54.0,75.0,63.0,74.0,56.0,80.0,57.0,100.0,66.0,143.0,53.0,92.0,63.0,55.0,149.0,108.0,58.0,40.0,164.0,65.0,116.0,58.0,139.0,454.0,139.0,58.0,76.0,66.0
54.0,71.0,63.0,70.0,54.0,80.0,56.0,101.0,66.0,72.0,52.0,88.0,58.0,55.0,143.0,113.0,56.0,39.0,163.0,65.0,116.0,58.0,129.0,423.0,139.0,63.0,63.0,66.0
52.0,68.0,61.0,70.0,53.0,88.0,56.0,96.0,61.0,72.0,58.0,87.0,59.0,55.0,140.0,137.0,56.0,39.0,159.0,64.0,82.0,58.0,129.0,342.0,92.0,62.0,62.0,65.0
52.0,68.0,57.0,69.0,52.0,84.0,55.0,93.0,59.0,72.0,64.0,87.0,59.0,55.0,138.0,138.0,59.0,40.0,159.0,64.0,64.0,57.0,128.0,342.0,60.0,62.0,62.0,73.0
47.0,63.0,56.0,69.0,51.0,81.0,54.0,91.0,57.0,72.0,64.0,86.0,59.0,55.0,135.0,138.0,58.0,40.0,134.0,63.0,66.0,57.0,127.0,204.0,60.0,62.0,62.0,73.0
48.0,60.0,55.0,68.0,51.0,81.0,54.0,90.0,57.0,72.0,64.0,86.0,59.0,56.0,135.0,138.0,59.0,39.0,121.0,63.0,70.0,57.0,94.0,67.0,64.0,62.0,62.0,73.0
47.0,57.0,57.0,67.0,50.0,81.0,51.0,89.0,57.0,72.0,65.0,86.0,54.0,58.0,135.0,118.0,58.0,39.0,121.0,63.0,75.0,58.0,68.0,81.0,63.0,62.0,58.0,73.0
49.0,58.0,56.0,65.0,49.0,83.0,49.0,87.0,56.0,72.0,65.0,86.0,50.0,56.0,92.0,100.0,57.0,38.0,120.0,62.0,78.0,57.0,87.0,184.0,62.0,61.0,49.0,73.0
49.0,58.0,57.0,65.0,47.0,84.0,49.0,86.0,56.0,70.0,65.0,86.0,51.0,56.0,61.0,87.0,55.0,38.0,120.0,62.0,79.0,56.0,99.0,215.0,62.0,50.0,45.0,73.0
46.0,60.0,54.0,65.0,47.0,82.0,48.0,84.0,56.0,68.0,64.0,86.0,53.0,55.0,67.0,60.0,55.0,38.0,120.0,62.0,79.0,54.0,101.0,220.0,62.0,46.0,43.0,73.0
47.0,55.0,55.0,63.0,47.0,83.0,48.0,82.0,56.0,66.0,64.0,86.0,54.0,56.0,86.0,60.0,54.0,38.0,120.0,62.0,78.0,50.0,98.0,220.0,62.0,45.0,42.0,71.0
49.0,52.0,51.0,62.0,46.0,83.0,50.0,80.0,55.0,66.0,63.0,73.0,53.0,55.0,92.0,59.0,53.0,38.0,104.0,60.0,75.0,50.0,96.0,217.0,83.0,36.0,45.0,71.0
48.0,52.0,47.0,61.0,44.0,79.0,50.0,77.0,55.0,66.0,64.0,60.0,53.0,55.0,93.0,59.0,53.0,39.0,78.0,59.0,74.0,52.0,93.0,209.0,100.0,31.0,57.0,72.0
47.0,52.0,47.0,61.0,44.0,77.0,49.0,76.0,55.0,66.0,64.0,60.0,44.0,56.0,93.0,59.0,53.0,40.0,77.0,60.0,73.0,52.0,89.0,204.0,100.0,31.0,82.0,73.0
47.0,51.0,49.0,60.0,44.0,74.0,49.0,78.0,55.0,66.0,63.0,59.0,41.0,56.0,107.0,69.0,52.0,41.0,75.0,59.0,72.0,52.0,87.0,196.0,100.0,31.0,83.0,73.0
46.0,50.0,51.0,59.0,55.0,71.0,49.0,75.0,56.0,66.0,63.0,60.0,50.0,55.0,104.0,67.0,52.0,38.0,76.0,59.0,70.0,52.0,85.0,192.0,100.0,37.0,73.0,71.0
47.0,50.0,53.0,59.0,52.0,66.0,49.0,72.0,55.0,66.0,58.0,60.0,62.0,55.0,95.0,66.0,52.0,38.0,76.0,59.0,70.0,52.0,84.0,188.0,72.0,86.0,64.0,73.0
47.0,52.0,49.0,58.0,50.0,62.0,49.0,71.0,56.0,53.0,48.0,60.0,62.0,55.0,92.0,70.0,52.0,38.0,77.0,47.0,69.0,52.0,86.0,180.0,55.0,120.0,62.0,73.0
49.0,51.0,49.0,58.0,48.0,61.0,48.0,70.0,55.0,39.0,46.0,60.0,61.0,51.0,91.0,73.0,52.0,38.0,78.0,39.0,68.0,52.0,85.0,174.0,55.0,101.0,60.0,73.0
49.0,51.0,49.0,56.0,46.0,58.0,47.0,68.0,54.0,39.0,43.0,61.0,61.0,42.0,91.0,102.0,52.0,38.0,79.0,39.0,68.0,52.0,86.0,167.0,55.0,53.0,60.0,73.0
49.0,50.0,51.0,53.0,45.0,57.0,47.0,67.0,53.0,39.0,43.0,60.0,61.0,42.0,90.0,111.0,54.0,38.0,80.0,39.0,68.0,53.0,89.0,163.0,56.0,39.0,60.0,75.0
49.0,55.0,52.0,54.0,44.0,55.0,47.0,66.0,52.0,39.0,41.0,60.0,53.0,42.0,92.0,83.0,53.0,37.0,79.0,39.0,67.0,53.0,90.0,155.0,74.0,39.0,61.0,74.0
48.0,61.0,53.0,52.0,43.0,54.0,48.0,66.0,51.0,39.0,41.0,60.0,47.0,42.0,91.0,83.0,53.0,37.0,78.0,41.0,65.0,52.0,87.0,150.0,86.0,46.0,63.0,76.0
47.0,63.0,61.0,51.0,42.0,54.0,47.0,65.0,51.0,43.0,41.0,60.0,47.0,42.0,93.0,83.0,53.0,37.0,78.0,44.0,64.0,51.0,84.0,146.0,84.0,51.0,62.0,75.0
46.0,59.0,82.0,51.0,42.0,54.0,47.0,64.0,50.0,43.0,41.0,60.0,47.0,42.0,91.0,82.0,54.0,37.0,77.0,46.0,64.0,49.0,85.0,154.0,81.0,52.0,50.0,79.0
47.0,56.0,100.0,51.0,41.0,54.0,46.0,63.0,53.0,42.0,41.0,60.0,47.0,43.0,90.0,83.0,55.0,38.0,75.0,48.0,63.0,49.0,83.0,216.0,81.0,52.0,42.0,77.0
45.0,51.0,78.0,51.0,40.0,54.0,46.0,62.0,52.0,42.0,41.0,60.0,47.0,43.0,90.0,81.0,56.0,38.0,75.0,51.0,62.0,49.0,79.0,216.0,78.0,53.0,43.0,77.0
43.0,52.0,71.0,51.0,41.0,59.0,45.0,61.0,51.0,42.0,41.0,59.0,47.0,43.0,88.0,82.0,54.0,38.0,72.0,48.0,62.0,48.0,77.0,152.0,75.0,53.0,59.0,72.0
44.0,50.0,64.0,51.0,40.0,71.0,45.0,61.0,50.0,42.0,40.0,59.0,44.0,43.0,87.0,83.0,52.0,38.0,72.0,47.0,63.0,48.0,74.0,103.0,72.0,53.0,62.0,71.0
44.0,50.0,57.0,51.0,39.0,58.0,46.0,60.0,49.0,43.0,40.0,60.0,49.0,43.0,87.0,82.0,52.0,38.0,74.0,48.0,63.0,48.0,73.0,69.0,69.0,54.0,50.0,71.0
45.0,47.0,50.0,50.0,39.0,56.0,45.0,59.0,50.0,43.0,40.0,60.0,50.0,43.0,88.0,81.0,52.0,38.0,71.0,49.0,63.0,48.0,73.0,69.0,63.0,54.0,50.0,71.0
44.0,48.0,48.0,50.0,39.0,55.0,46.0,57.0,52.0,43.0,40.0,59.0,48.0,42.0,88.0,73.0,52.0,38.0,71.0,51.0,63.0,48.0,73.0,69.0,58.0,55.0,57.0,71.0
45.0,49.0,49.0,50.0,39.0,56.0,46.0,57.0,52.0,43.0,40.0,59.0,48.0,42.0,53.0,61.0,70.0,38.0,75.0,51.0,62.0,48.0,73.0,111.0,58.0,55.0,61.0,72.0
47.0,48.0,48.0,50.0,39.0,58.0,47.0,57.0,52.0,43.0,40.0,59.0,48.0,42.0,48.0,61.0,78.0,39.0,73.0,50.0,62.0,48.0,73.0,139.0,58.0,55.0,61.0,73.0
46.0,48.0,48.0,50.0,38.0,74.0,47.0,57.0,52.0,43.0,40.0,51.0,48.0,42.0,45.0,61.0,78.0,39.0,70.0,50.0,60.0,48.0,72.0,70.0,58.0,56.0,53.0,74.0
48.0,50.0,48.0,50.0,38.0,72.0,49.0,57.0,52.0,43.0,40.0,38.0,48.0,41.0,53.0,61.0,77.0,37.0,71.0,51.0,49.0,48.0,72.0,74.0,58.0,57.0,46.0,74.0
50.0,52.0,49.0,50.0,38.0,70.0,47.0,55.0,66.0,43.0,40.0,37.0,48.0,41.0,50.0,61.0,78.0,37.0,71.0,56.0,42.0,47.0,72.0,97.0,58.0,74.0,47.0,74.0
50.0,49.0,45.0,50.0,38.0,90.0,48.0,53.0,74.0,42.0,40.0,37.0,48.0,42.0,54.0,61.0,73.0,38.0,73.0,57.0,42.0,47.0,71.0,106.0,58.0,45.0,47.0,74.0
48.0,47.0,44.0,50.0,38.0,76.0,47.0,52.0,66.0,43.0,41.0,38.0,48.0,42.0,76.0,62.0,69.0,39.0,74.0,56.0,42.0,47.0,72.0,167.0,58.0,44.0,46.0,74.0
48.0,46.0,43.0,50.0,38.0,65.0,46.0,52.0,61.0,43.0,41.0,38.0,48.0,42.0,84.0,76.0,66.0,38.0,75.0,54.0,43.0,47.0,70.0,139.0,60.0,51.0,42.0,74.0
47.0,44.0,41.0,48.0,38.0,62.0,46.0,52.0,58.0,43.0,41.0,37.0,48.0,42.0,81.0,88.0,70.0,38.0,75.0,54.0,44.0,47.0,70.0,77.0,65.0,55.0,42.0,74.0
47.0,42.0,41.0,48.0,38.0,60.0,46.0,53.0,55.0,43.0,41.0,37.0,47.0,43.0,80.0,88.0,70.0,39.0,77.0,53.0,47.0,47.0,69.0,109.0,65.0,55.0,52.0,75.0
47.0,44.0,42.0,48.0,38.0,58.0,46.0,58.0,55.0,43.0,40.0,37.0,47.0,42.0,78.0,88.0,68.0,42.0,80.0,53.0,50.0,47.0,69.0,160.0,65.0,56.0,63.0,75.0
48.0,44.0,42.0,48.0,38.0,55.0,47.0,59.0,55.0,42.0,40.0,38.0,47.0,42.0,75.0,77.0,61.0,42.0,82.0,52.0,52.0,47.0,69.0,150.0,65.0,56.0,64.0,73.0
45.0,45.0,43.0,48.0,38.0,55.0,47.0,56.0,56.0,42.0,40.0,40.0,47.0,42.0,79.0,61.0,59.0,43.0,80.0,55.0,54.0,47.0,68.0,150.0,65.0,56.0,66.0,74.0
45.0,48.0,41.0,48.0,38.0,54.0,49.0,53.0,54.0,42.0,41.0,42.0,47.0,42.0,79.0,61.0,59.0,47.0,76.0,70.0,53.0,48.0,83.0,138.0,65.0,57.0,68.0,73.0
44.0,44.0,42.0,48.0,38.0,53.0,49.0,51.0,53.0,42.0,40.0,44.0,47.0,42.0,78.0,60.0,58.0,44.0,150.0,74.0,53.0,52.0,81.0,65.0,65.0,57.0,74.0,75.0
47.0,46.0,41.0,47.0,40.0,52.0,49.0,51.0,51.0,42.0,40.0,49.0,47.0,50.0,78.0,60.0,57.0,39.0,146.0,70.0,55.0,47.0,76.0,65.0,79.0,57.0,61.0,75.0
44.0,47.0,41.0,47.0,45.0,52.0,47.0,51.0,51.0,41.0,40.0,52.0,46.0,44.0,78.0,60.0,56.0,39.0,51.0,67.0,57.0,47.0,73.0,67.0,104.0,57.0,52.0,75.0
44.0,45.0,42.0,47.0,60.0,52.0,46.0,50.0,52.0,41.0,41.0,58.0,46.0,43.0,78.0,61.0,57.0,38.0,43.0,74.0,56.0,47.0,73.0,90.0,97.0,57.0,46.0,70.0
45.0,47.0,43.0,47.0,56.0,52.0,46.0,51.0,50.0,653.0,40.0,48.0,46.0,44.0,78.0,61.0,55.0,38.0,43.0,72.0,56.0,46.0,74.0,104.0,75.0,57.0,42.0,63.0
48.0,47.0,42.0,47.0,52.0,52.0,45.0,51.0,49.0,1170.0,47.0,48.0,46.0,46.0,73.0,62.0,53.0,38.0,42.0,68.0,56.0,47.0,73.0,107.0,65.0,63.0,42.0,63.0
49.0,46.0,42.0,47.0,50.0,52.0,45.0,51.0,48.0,802.0,45.0,50.0,46.0,47.0,52.0,61.0,52.0,39.0,60.0,65.0,55.0,49.0,73.0,103.0,65.0,71.0,42.0,74.0
49.0,46.0,40.0,47.0,49.0,52.0,45.0,50.0,47.0,152.0,46.0,57.0,51.0,49.0,48.0,62.0,52.0,39.0,141.0,63.0,53.0,45.0,73.0,102.0,65.0,82.0,42.0,74.0
47.0,44.0,42.0,47.0,48.0,52.0,45.0,50.0,47.0,152.0,41.0,51.0,58.0,54.0,48.0,60.0,52.0,41.0,127.0,61.0,53.0,45.0,74.0,101.0,63.0,92.0,42.0,71.0
47.0,44.0,46.0,47.0,48.0,51.0,45.0,50.0,47.0,696.0,42.0,53.0,58.0,48.0,48.0,60.0,49.0,41.0,108.0,59.0,53.0,45.0,66.0,99.0,63.0,95.0,42.0,71.0
45.0,44.0,48.0,48.0,48.0,51.0,45.0,51.0,46.0,1020.0,41.0,53.0,58.0,47.0,47.0,60.0,49.0,39.0,174.0,59.0,49.0,47.0,67.0,97.0,63.0,101.0,66.0,70.0
47.0,45.0,49.0,48.0,47.0,51.0,46.0,51.0,46.0,951.0,41.0,52.0,58.0,47.0,47.0,60.0,49.0,39.0,270.0,54.0,50.0,49.0,80.0,96.0,63.0,106.0,88.0,70.0
47.0,44.0,49.0,48.0,47.0,51.0,46.0,50.0,46.0,919.0,45.0,50.0,58.0,49.0,47.0,61.0,49.0,39.0,179.0,54.0,51.0,48.0,77.0,91.0,63.0,106.0,53.0,71.0
47.0,44.0,47.0,48.0,46.0,52.0,46.0,50.0,47.0,631.0,48.0,49.0,58.0,48.0,47.0,61.0,49.0,39.0,136.0,55.0,56.0,47.0,80.0,85.0,63.0,106.0,63.0,71.0
45.0,44.0,47.0,48.0,46.0,52.0,50.0,50.0,47.0,69.0,45.0,50.0,57.0,49.0,47.0,60.0,49.0,39.0,121.0,56.0,59.0,47.0,75.0,84.0,62.0,106.0,43.0,71.0
47.0,44.0,49.0,48.0,46.0,52.0,49.0,49.0,48.0,68.0,41.0,48.0,57.0,50.0,47.0,59.0,51.0,39.0,112.0,55.0,56.0,47.0,66.0,80.0,60.0,89.0,43.0,68.0
45.0,45.0,47.0,48.0,45.0,52.0,49.0,49.0,51.0,551.0,41.0,47.0,57.0,50.0,47.0,58.0,57.0,39.0,138.0,56.0,52.0,47.0,70.0,80.0,60.0,104.0,56.0,70.0
45.0,60.0,49.0,48.0,45.0,51.0,48.0,50.0,50.0,839.0,41.0,47.0,57.0,51.0,65.0,57.0,51.0,42.0,143.0,56.0,56.0,46.0,70.0,79.0,60.0,69.0,55.0,70.0
45.0,66.0,51.0,50.0,45.0,50.0,48.0,52.0,49.0,498.0,41.0,47.0,57.0,52.0,79.0,56.0,51.0,53.0,143.0,55.0,57.0,46.0,70.0,78.0,60.0,37.0,95.0,70.0
45.0,63.0,46.0,50.0,44.0,51.0,56.0,55.0,49.0,70.0,89.0,47.0,57.0,53.0,79.0,56.0,54.0,83.0,141.0,54.0,57.0,46.0,78.0,80.0,60.0,36.0,133.0,71.0
45.0,59.0,47.0,50.0,44.0,51.0,54.0,52.0,50.0,70.0,140.0,50.0,57.0,60.0,79.0,57.0,53.0,140.0,76.0,53.0,67.0,49.0,93.0,79.0,62.0,36.0,102.0,70.0
47.0,56.0,47.0,50.0,45.0,51.0,52.0,50.0,51.0,70.0,140.0,50.0,57.0,112.0,79.0,59.0,54.0,122.0,42.0,54.0,68.0,48.0,92.0,77.0,70.0,34.0,80.0,70.0
47.0,55.0,49.0,50.0,45.0,51.0,51.0,50.0,50.0,70.0,83.0,46.0,57.0,86.0,79.0,62.0,55.0,83.0,42.0,54.0,70.0,49.0,89.0,81.0,80.0,33.0,82.0,68.0
45.0,55.0,47.0,50.0,45.0,50.0,51.0,50.0,50.0,70.0,40.0,50.0,57.0,61.0,65.0,62.0,53.0,69.0,46.0,53.0,63.0,47.0,82.0,86.0,86.0,32.0,145.0,68.0
45.0,54.0,47.0,50.0,45.0,50.0,51.0,50.0,52.0,70.0,39.0,52.0,57.0,65.0,47.0,64.0,53.0,63.0,69.0,53.0,62.0,42.0,80.0,111.0,86.0,39.0,111.0,68.0
45.0,57.0,48.0,50.0,46.0,51.0,50.0,52.0,52.0,69.0,39.0,52.0,57.0,72.0,47.0,62.0,53.0,63.0,82.0,54.0,62.0,42.0,80.0,113.0,86.0,51.0,65.0,67.0
45.0,55.0,50.0,50.0,45.0,51.0,50.0,51.0,50.0,69.0,39.0,52.0,57.0,73.0,47.0,62.0,52.0,63.0,86.0,59.0,60.0,45.0,84.0,105.0,58.0,67.0,65.0,67.0
45.0,54.0,51.0,51.0,44.0,52.0,50.0,51.0,49.0,69.0,39.0,54.0,57.0,67.0,47.0,63.0,52.0,61.0,114.0,64.0,59.0,47.0,83.0,100.0,42.0,73.0,66.0,65.0
45.0,53.0,52.0,51.0,44.0,52.0,49.0,50.0,48.0,69.0,39.0,54.0,55.0,65.0,47.0,63.0,51.0,61.0,108.0,66.0,59.0,65.0,104.0,98.0,44.0,73.0,66.0,66.0
47.0,54.0,77.0,51.0,45.0,53.0,49.0,50.0,48.0,68.0,39.0,57.0,57.0,64.0,65.0,63.0,50.0,101.0,105.0,63.0,57.0,78.0,83.0,96.0,44.0,72.0,66.0,66.0
45.0,55.0,80.0,51.0,45.0,53.0,48.0,50.0,48.0,68.0,39.0,65.0,55.0,63.0,79.0,62.0,56.0,143.0,103.0,62.0,57.0,73.0,93.0,95.0,45.0,72.0,141.0,66.0
45.0,53.0,67.0,51.0,45.0,53.0,48.0,51.0,48.0,68.0,40.0,73.0,55.0,63.0,79.0,63.0,62.0,106.0,104.0,61.0,56.0,62.0,74.0,94.0,48.0,70.0,99.0,None
45.0,None,None,None,45.0,None,None,None,48.0,None,None,None,55.0,None,None,None,60.0,None,None,None,54.0,None,None,None,55.0,None,None,None
