10/1/2002,1.9
10/2/2002,2.1
10/3/2002,2
10/4/2002,1.9
10/5/2002,1.9
10/6/2002,1.9
10/7/2002,2
10/8/2002,2
10/9/2002,2
10/10/2002,2
10/11/2002,2
10/12/2002,2
10/13/2002,2.1
10/14/2002,2.1
10/15/2002,2.1
10/16/2002,2.1
10/17/2002,2
10/18/2002,2
10/19/2002,2.1
10/20/2002,2.1
10/21/2002,2.1
10/22/2002,2.1
10/23/2002,2.3
10/24/2002,2.5
10/25/2002,2.5
10/26/2002,2.6
10/27/2002,2.6
10/28/2002,2.7
4/17/2003,73
4/18/2003,68
4/19/2003,64
4/20/2003,62
4/21/2003,75
4/22/2003,72
4/23/2003,82
4/24/2003,148
4/25/2003,131
4/26/2003,116
4/27/2003,104
4/28/2003,127
4/29/2003,222
4/30/2003,177
5/1/2003,139
5/2/2003,121
5/3/2003,119
5/4/2003,112
5/5/2003,98
5/6/2003,91
5/7/2003,86
5/8/2003,82
5/9/2003,74
5/10/2003,70
5/11/2003,72
5/12/2003,74
5/13/2003,90
5/14/2003,114
5/15/2003,111
5/16/2003,94
5/17/2003,82
5/18/2003,74
5/19/2003,68
5/20/2003,80
5/21/2003,105
5/22/2003,136
5/23/2003,147
5/24/2003,148
5/25/2003,113
5/26/2003,106
5/27/2003,105
5/28/2003,122
5/29/2003,129
5/30/2003,112
5/31/2003,94
6/1/2003,87
6/2/2003,97
6/3/2003,99
6/4/2003,103
6/5/2003,94
6/6/2003,92
6/7/2003,98
6/8/2003,90
6/9/2003,81
6/10/2003,66
6/11/2003,57
6/12/2003,53
6/13/2003,46
6/14/2003,42
6/15/2003,43
6/16/2003,48
6/17/2003,51
6/18/2003,48
6/19/2003,41
6/20/2003,36
6/21/2003,31
6/22/2003,27
6/23/2003,25
6/24/2003,21
6/25/2003,23
6/26/2003,25
6/27/2003,23
6/28/2003,22
6/29/2003,21
6/30/2003,20
7/1/2003,19
7/2/2003,17
7/3/2003,16
7/4/2003,15
7/5/2003,15
7/6/2003,14
7/7/2003,15
7/8/2003,14
7/9/2003,12
7/10/2003,12
7/11/2003,11
7/12/2003,11
7/13/2003,10
7/14/2003,9.5
7/15/2003,9.5
7/16/2003,9.2
7/17/2003,8.7
7/18/2003,8.1
7/19/2003,7.6
7/20/2003,7.2
7/21/2003,7
7/22/2003,6.7
7/23/2003,6.5
7/24/2003,6.5
7/25/2003,6.3
7/26/2003,5.9
7/27/2003,5.5
7/28/2003,5.1
7/29/2003,4.7
7/30/2003,4.5
7/31/2003,4.3
8/1/2003,4.3
8/2/2003,7.7
8/3/2003,6.5
8/4/2003,5.9
8/5/2003,5.7
8/6/2003,5.5
8/7/2003,5.8
8/8/2003,5.5
8/9/2003,5.2
8/10/2003,4.9
8/11/2003,4.7
8/12/2003,4.6
8/13/2003,4.4
8/14/2003,4.2
8/15/2003,4
8/16/2003,3.8
8/17/2003,3.6
8/18/2003,3.5
8/19/2003,3.3
8/20/2003,3.1
8/21/2003,3
8/22/2003,3.1
8/23/2003,3.4
8/24/2003,3.3
8/25/2003,3.1
8/26/2003,2.9
8/27/2003,2.8
8/28/2003,2.6
8/29/2003,2.6
8/30/2003,2.5
8/31/2003,2.4
9/1/2003,2.3
9/2/2003,2.2
9/3/2003,2.4
9/4/2003,2.8
9/5/2003,2.9
9/6/2003,2.6
9/7/2003,2.5
9/8/2003,2.5
9/9/2003,3.1
9/10/2003,3.5
9/11/2003,3.4
9/12/2003,2.9
9/13/2003,2.5
9/14/2003,2.4
9/15/2003,2.2
9/16/2003,2.2
9/17/2003,2.4
9/18/2003,2.3
9/19/2003,2.2
9/20/2003,2.2
9/21/2003,2.1
9/22/2003,2
9/23/2003,1.9
9/24/2003,1.9
9/25/2003,1.8
9/26/2003,1.8
9/27/2003,1.8
9/28/2003,1.8
9/29/2003,1.8
9/30/2003,1.9
10/1/2003,2
10/2/2003,2
10/3/2003,2.1
10/4/2003,2.1
10/5/2003,2.1
10/6/2003,2.1
10/7/2003,2.1
10/8/2003,2.1
10/9/2003,2.2
10/10/2003,2.3
10/11/2003,2.4
10/12/2003,2.4
10/13/2003,2.5
10/14/2003,2.5
10/15/2003,2.5
10/16/2003,2.5
10/17/2003,2.5
10/18/2003,2.6
10/19/2003,2.6
10/20/2003,2.6
10/21/2003,2.6
10/22/2003,2.6
10/23/2003,2.7
10/24/2003,2.8
10/25/2003,2.8
10/26/2003,2.7
10/27/2003,2.8
10/28/2003,2.8
10/29/2003,2.9
10/30/2003,3.3
10/31/2003,3.6
11/1/2003,3.9
11/2/2003,4.9
11/3/2003,5.9
11/4/2003,5.6
11/5/2003,5.4
11/6/2003,5.5
11/7/2003,7.1
11/8/2003,16
11/9/2003,22
11/10/2003,12
11/11/2003,8
11/12/2003,6.8
11/13/2003,6.5
11/14/2003,7
11/15/2003,12
11/16/2003,11
11/17/2003,12
11/18/2003,10
11/19/2003,9.1
11/20/2003,12
11/21/2003,10
11/22/2003,8.1
11/23/2003,7.3
11/24/2003,6.8
11/25/2003,6.6
11/26/2003,6.5
11/27/2003,6.2
11/28/2003,6.3
11/29/2003,26
11/30/2003,37
12/1/2003,39
12/2/2003,29
12/3/2003,21
12/4/2003,21
12/5/2003,76
12/6/2003,193
12/7/2003,75
12/8/2003,41
12/9/2003,32
12/10/2003,30
12/11/2003,28
12/12/2003,36
12/13/2003,81
12/14/2003,178
12/15/2003,68
12/16/2003,47
12/17/2003,36
12/18/2003,31
12/19/2003,35
12/20/2003,59
12/21/2003,47
12/22/2003,40
12/23/2003,40
12/24/2003,118
12/25/2003,84
12/26/2003,61
12/27/2003,48
12/28/2003,42
12/29/2003,42
12/30/2003,36
12/31/2003,33
1/1/2004,53
1/2/2004,50
1/3/2004,41
1/4/2004,36
1/5/2004,32
1/6/2004,31
1/7/2004,35
1/8/2004,62
1/9/2004,126
1/10/2004,132
1/11/2004,111
1/12/2004,97
1/13/2004,99
1/14/2004,112
1/15/2004,119
1/16/2004,102
1/17/2004,87
1/18/2004,75
1/19/2004,69
1/20/2004,64
1/21/2004,58
1/22/2004,52
1/23/2004,48
1/24/2004,50
1/25/2004,45
1/26/2004,43
1/27/2004,46
1/28/2004,45
1/29/2004,46
1/30/2004,60
1/31/2004,62
2/1/2004,59
2/2/2004,66
2/3/2004,72
2/4/2004,71
2/5/2004,65
2/6/2004,63
2/7/2004,59
2/8/2004,53
2/9/2004,49
2/10/2004,45
2/11/2004,43
2/12/2004,42
2/13/2004,41
2/14/2004,42
2/15/2004,48
2/16/2004,223
2/17/2004,909
2/18/2004,495
2/19/2004,234
2/20/2004,173
2/21/2004,139
2/22/2004,112
2/23/2004,90
2/24/2004,79
2/25/2004,130
2/26/2004,210
2/27/2004,173
2/28/2004,129
2/29/2004,105
3/1/2004,132
3/2/2004,123
3/3/2004,104
3/4/2004,90
3/5/2004,76
3/6/2004,65
3/7/2004,64
3/8/2004,78
3/9/2004,96
3/10/2004,100
3/11/2004,93
3/12/2004,96
3/13/2004,100
3/14/2004,103
3/15/2004,106
3/16/2004,105
3/17/2004,104
3/18/2004,111
3/19/2004,106
3/20/2004,96
3/21/2004,97
3/22/2004,111
3/23/2004,111
3/24/2004,89
3/25/2004,90
3/26/2004,71
3/27/2004,66
3/28/2004,60
3/29/2004,62
3/30/2004,85
3/31/2004,75
4/1/2004,64
4/2/2004,59
4/3/2004,59
4/4/2004,70
4/5/2004,75
4/6/2004,73
4/7/2004,75
4/8/2004,76
4/9/2004,79
4/10/2004,80
4/11/2004,78
4/12/2004,82
4/13/2004,82
4/14/2004,69
4/15/2004,61
4/16/2004,55
4/17/2004,51
4/18/2004,48
4/19/2004,51
4/20/2004,60
4/21/2004,61
4/22/2004,55
4/23/2004,54
4/24/2004,59
4/25/2004,73
4/26/2004,97
4/27/2004,123
4/28/2004,109
4/29/2004,80
4/30/2004,78
5/1/2004,91
5/2/2004,107
5/3/2004,123
5/4/2004,108
5/5/2004,87
5/6/2004,79
5/7/2004,77
5/8/2004,69
5/9/2004,59
5/10/2004,57
5/11/2004,49
5/12/2004,46
5/13/2004,52
5/14/2004,58
5/15/2004,64
5/16/2004,59
5/17/2004,52
5/18/2004,46
5/19/2004,45
5/20/2004,51
5/21/2004,55
5/22/2004,52
5/23/2004,49
5/24/2004,46
5/25/2004,48
5/26/2004,59
5/27/2004,64
5/28/2004,60
5/29/2004,42
5/30/2004,42
5/31/2004,45
6/1/2004,49
6/2/2004,53
6/3/2004,54
6/4/2004,51
6/5/2004,45
6/6/2004,40
6/7/2004,33
6/8/2004,25
6/9/2004,23
6/10/2004,25
6/11/2004,27
6/12/2004,27
6/13/2004,29
6/14/2004,29
6/15/2004,26
6/16/2004,30
6/17/2004,28
6/18/2004,27
6/19/2004,26
6/20/2004,22
6/21/2004,22
6/22/2004,22
6/23/2004,21
6/24/2004,19
6/25/2004,16
6/26/2004,15
6/27/2004,15
6/28/2004,15
6/29/2004,14
6/30/2004,13
7/1/2004,12
7/2/2004,12
7/3/2004,11
7/4/2004,10
7/5/2004,10
7/6/2004,10
7/7/2004,9.4
7/8/2004,8.4
7/9/2004,7.9
7/10/2004,7.3
7/11/2004,6.7
7/12/2004,6.3
7/13/2004,5.9
7/14/2004,5.6
7/15/2004,5.3
7/16/2004,5.1
7/17/2004,4.8
7/18/2004,4.7
7/19/2004,4.9
7/20/2004,5
7/21/2004,4.5
7/22/2004,4.1
7/23/2004,3.9
7/24/2004,3.7
7/25/2004,3.6
7/26/2004,3.4
7/27/2004,3.3
7/28/2004,3.1
7/29/2004,3
7/30/2004,3
7/31/2004,3
8/1/2004,2.9
8/2/2004,2.9
8/3/2004,3.1
8/4/2004,3
8/5/2004,3
8/6/2004,2.8
8/7/2004,2.8
8/8/2004,2.7
8/9/2004,2.6
8/10/2004,2.4
8/11/2004,2.3
8/12/2004,2.2
8/13/2004,2.1
8/14/2004,2.1
8/15/2004,2.1
8/16/2004,2.1
8/17/2004,2.1
8/18/2004,2.1
8/19/2004,2.1
8/20/2004,2.1
8/21/2004,2
8/22/2004,2
8/23/2004,2.3
8/24/2004,2.4
8/25/2004,2.5
8/26/2004,2.6
8/27/2004,2.6
8/28/2004,2.4
8/29/2004,2.2
8/30/2004,1.9
8/31/2004,1.9
9/1/2004,1.8
9/2/2004,1.9
9/3/2004,1.9
9/4/2004,1.9
9/5/2004,1.9
9/6/2004,1.9
9/7/2004,1.8
9/8/2004,1.8
9/9/2004,1.8
9/10/2004,1.8
9/11/2004,1.8
9/12/2004,1.8
9/13/2004,1.9
9/14/2004,2
9/15/2004,2.1
9/16/2004,2.1
9/17/2004,2.1
9/18/2004,2.2
9/19/2004,2.4
9/20/2004,2.6
9/21/2004,2.6
9/22/2004,2.6
9/23/2004,2.5
9/24/2004,2.4
9/25/2004,2.3
9/26/2004,2.3
9/27/2004,2.3
9/28/2004,2.3
9/29/2004,2.4
9/30/2004,2.4
10/1/2004,2.5
10/2/2004,2.5
10/3/2004,2.5
10/4/2004,2.5
10/5/2004,2.4
10/6/2004,2.4
10/7/2004,2.5
10/8/2004,2.6
10/9/2004,2.9
10/10/2004,3
10/11/2004,3.1
10/12/2004,3
10/13/2004,2.8
10/14/2004,2.8
10/15/2004,2.8
10/16/2004,2.8
10/17/2004,3.8
10/18/2004,4.6
10/19/2004,23
10/20/2004,14
10/21/2004,7.2
10/22/2004,6.4
10/23/2004,52
10/24/2004,27
10/25/2004,13
10/26/2004,21
10/27/2004,15
10/28/2004,16
10/29/2004,14
10/30/2004,11
10/31/2004,8.7
11/1/2004,7.3
11/2/2004,6.9
11/3/2004,15
11/4/2004,10
11/5/2004,7.6
11/6/2004,6.7
11/7/2004,6.4
11/8/2004,6.2
11/9/2004,7.6
11/10/2004,15
11/11/2004,22
11/12/2004,15
11/13/2004,11
11/14/2004,9.3
11/15/2004,8.1
11/16/2004,10
11/17/2004,13
11/18/2004,9.1
11/19/2004,8
11/20/2004,7.3
11/21/2004,6.7
11/22/2004,6.3
11/23/2004,6.1
11/24/2004,5.8
11/25/2004,8.5
11/26/2004,17
11/27/2004,13
11/28/2004,9.2
11/29/2004,7.9
11/30/2004,7.6
12/1/2004,7.4
12/2/2004,7.1
12/3/2004,6.8
12/4/2004,6.6
12/5/2004,6.4
12/6/2004,9.7
12/7/2004,23
12/8/2004,130
12/9/2004,164
12/10/2004,97
12/11/2004,62
12/12/2004,55
12/13/2004,53
12/14/2004,54
12/15/2004,43
12/16/2004,34
12/17/2004,30
12/18/2004,30
12/19/2004,31
12/20/2004,29
12/21/2004,24
12/22/2004,21
12/23/2004,19
12/24/2004,17
12/25/2004,16
12/26/2004,19
12/27/2004,71
12/28/2004,130
12/29/2004,72
12/30/2004,67
12/31/2004,58
1/1/2005,48
1/2/2005,42
1/3/2005,37
1/4/2005,33
1/5/2005,30
1/6/2005,27
1/7/2005,30
1/8/2005,30
1/9/2005,30
1/10/2005,30
1/11/2005,39
1/12/2005,36
1/13/2005,33
1/14/2005,31
1/15/2005,29
1/16/2005,34
1/17/2005,44
1/18/2005,51
1/19/2005,63
1/20/2005,72
1/21/2005,70
1/22/2005,68
1/23/2005,66
1/24/2005,67
1/25/2005,73
1/26/2005,133
1/27/2005,105
1/28/2005,112
1/29/2005,90
1/30/2005,73
1/31/2005,62
2/1/2005,56
2/2/2005,51
2/3/2005,49
2/4/2005,55
2/5/2005,54
2/6/2005,49
2/7/2005,47
2/8/2005,40
2/9/2005,38
2/10/2005,35
2/11/2005,34
2/12/2005,33
2/13/2005,40
2/14/2005,44
2/15/2005,42
2/16/2005,42
2/17/2005,42
2/18/2005,43
2/19/2005,51
2/20/2005,89
2/21/2005,84
2/22/2005,73
2/23/2005,67
2/24/2005,60
2/25/2005,54
2/26/2005,49
2/27/2005,58
2/28/2005,75
3/1/2005,68
3/2/2005,83
3/3/2005,77
3/4/2005,71
3/5/2005,66
3/6/2005,62
3/7/2005,65
3/8/2005,72
3/9/2005,80
3/10/2005,81
3/11/2005,82
3/12/2005,85
3/13/2005,80
3/14/2005,66
3/15/2005,57
3/16/2005,51
3/17/2005,44
3/18/2005,42
3/19/2005,59
3/20/2005,72
3/21/2005,81
3/22/2005,172
3/23/2005,132
3/24/2005,100
3/25/2005,83
3/26/2005,72
3/27/2005,124
3/28/2005,170
3/29/2005,134
3/30/2005,108
3/31/2005,91
4/1/2005,81
4/2/2005,72
4/3/2005,72
4/4/2005,64
4/5/2005,57
4/6/2005,56
4/7/2005,62
4/8/2005,67
4/9/2005,69
4/10/2005,70
4/11/2005,75
4/12/2005,78
4/13/2005,68
4/14/2005,62
4/15/2005,56
4/16/2005,58
4/17/2005,74
4/18/2005,63
4/19/2005,56
4/20/2005,53
4/21/2005,54
4/22/2005,65
4/23/2005,99
4/24/2005,73
4/25/2005,67
4/26/2005,69
4/27/2005,78
4/28/2005,83
4/29/2005,79
4/30/2005,76
5/1/2005,69
5/2/2005,79
5/3/2005,94
5/4/2005,132
5/5/2005,209
5/6/2005,163
5/7/2005,126
5/8/2005,273
5/9/2005,250
5/10/2005,182
5/11/2005,144
5/12/2005,138
5/13/2005,149
5/14/2005,166
5/15/2005,182
5/16/2005,151
5/17/2005,114
5/18/2005,283
5/19/2005,284
5/20/2005,203
5/21/2005,167
5/22/2005,162
5/23/2005,148
5/24/2005,139
5/25/2005,149
5/26/2005,160
5/27/2005,166
5/28/2005,143
5/29/2005,100
5/30/2005,98
5/31/2005,108
6/1/2005,89
6/2/2005,74
6/3/2005,70
6/4/2005,74
6/5/2005,66
6/6/2005,52
6/7/2005,42
6/8/2005,45
6/9/2005,57
6/10/2005,61
6/11/2005,57
6/12/2005,52
6/13/2005,53
6/14/2005,51
6/15/2005,46
6/16/2005,52
6/17/2005,62
6/18/2005,139
6/19/2005,160
6/20/2005,85
6/21/2005,70
6/22/2005,62
6/23/2005,58
6/24/2005,56
6/25/2005,55
6/26/2005,50
6/27/2005,44
6/28/2005,42
6/29/2005,43
6/30/2005,42
7/1/2005,39
7/2/2005,34
7/3/2005,32
7/4/2005,30
7/5/2005,30
7/6/2005,29
7/7/2005,27
7/8/2005,24
7/9/2005,23
7/10/2005,21
7/11/2005,21
7/12/2005,19
7/13/2005,19
7/14/2005,19
7/15/2005,17
7/16/2005,16
7/17/2005,15
7/18/2005,13
7/19/2005,12
7/20/2005,11
7/21/2005,11
7/22/2005,11
7/23/2005,9.8
7/24/2005,9.1
7/25/2005,8.7
7/26/2005,8.2
7/27/2005,7.7
7/28/2005,7.3
7/29/2005,7.1
7/30/2005,7
7/31/2005,7.2
8/1/2005,6.99
8/2/2005,6.55
8/3/2005,6.5
8/4/2005,5.8
8/5/2005,6.1
8/6/2005,6.1
8/7/2005,6.1
8/8/2005,5.8
8/9/2005,5.02
8/10/2005,4.86
8/11/2005,4.84
8/12/2005,4.73
8/13/2005,4.65
8/14/2005,4.35
8/15/2005,4.2
8/16/2005,4.22
8/17/2005,4.2
8/18/2005,4.28
8/19/2005,4.21
8/20/2005,4.22
8/21/2005,4.09
8/22/2005,4.02
8/23/2005,3.81
8/24/2005,3.78
8/25/2005,3.73
8/26/2005,3.57
8/27/2005,3.42
8/28/2005,3.33
8/29/2005,3.26
8/30/2005,3.36
8/31/2005,3.29
9/1/2005,3.2
9/2/2005,3.16
9/3/2005,3.11
9/4/2005,3.14
9/5/2005,3.18
9/6/2005,3.07
9/7/2005,3.09
9/8/2005,3.04
9/9/2005,2.95
9/10/2005,2.98
9/11/2005,3.22
9/12/2005,3.34
9/13/2005,3.29
9/14/2005,3.2
9/15/2005,3.16
9/16/2005,2.96
9/17/2005,3.05
9/18/2005,3.15
9/19/2005,3.08
9/20/2005,2.96
9/21/2005,2.85
9/22/2005,2.81
9/23/2005,2.8
9/24/2005,2.95
9/25/2005,2.94
9/26/2005,2.85
9/27/2005,2.87
9/28/2005,2.79
9/29/2005,2.79
9/30/2005,2.72
10/1/2005,2.73
10/2/2005,2.93
10/3/2005,3.14
10/4/2005,3.31
10/5/2005,3.64
10/6/2005,3.83
10/7/2005,3.81
10/8/2005,3.76
10/9/2005,3.7
10/10/2005,3.33
10/11/2005,3.23
10/12/2005,3.24
10/13/2005,3.28
10/14/2005,3.33
10/15/2005,3.94
10/16/2005,4.67
10/17/2005,4.77
10/18/2005,4.38
10/19/2005,3.96
10/20/2005,4.11
10/21/2005,4.12
10/22/2005,4.15
10/23/2005,4.07
10/24/2005,3.89
10/25/2005,3.86
10/26/2005,4.53
10/27/2005,5.03
10/28/2005,7.15
10/29/2005,7.01
10/30/2005,5.02
10/31/2005,4.53
11/1/2005,4.27
11/2/2005,4.7
11/3/2005,8.31
11/4/2005,12.9
11/5/2005,7
11/6/2005,32.6
11/7/2005,84.6
11/8/2005,31.5
11/9/2005,17
11/10/2005,14.4
11/11/2005,13.1
11/12/2005,14.7
11/13/2005,9.75
11/14/2005,12.3
11/15/2005,11.9
11/16/2005,9.43
11/17/2005,8.4
11/18/2005,7.71
11/19/2005,7.03
11/20/2005,6.57
11/21/2005,6.4
11/22/2005,6.19
11/23/2005,6.45
11/24/2005,6.43
11/25/2005,19.1
11/26/2005,16.8
11/27/2005,10.4
11/28/2005,11.1
11/29/2005,14
11/30/2005,13.5
12/1/2005,172
12/2/2005,101
12/3/2005,53.8
12/4/2005,43.3
12/5/2005,38.4
12/6/2005,34.2
12/7/2005,39.7
12/8/2005,54.6
12/9/2005,47.8
12/10/2005,35.1
12/11/2005,35.1
12/12/2005,36
12/13/2005,29.8
12/14/2005,27.1
12/15/2005,24.5
12/16/2005,23.4
12/17/2005,23.2
12/18/2005,52.1
12/19/2005,301
12/20/2005,305
12/21/2005,356
12/22/2005,477
12/23/2005,325
12/24/2005,211
12/25/2005,200
12/26/2005,250
12/27/2005,473
12/28/2005,825
12/29/2005,364
12/30/2005,757
12/31/2005,714
1/1/2006,325
1/2/2006,230
1/3/2006,172
1/4/2006,151
1/5/2006,128
1/6/2006,108
1/7/2006,96.2
1/8/2006,83.3
1/9/2006,69.8
1/10/2006,94.2
1/11/2006,242
1/12/2006,183
1/13/2006,152
1/14/2006,151
1/15/2006,131
1/16/2006,122
1/17/2006,121
1/18/2006,146
1/19/2006,143
1/20/2006,130
1/21/2006,118
1/22/2006,104
1/23/2006,94.2
1/24/2006,91.4
1/25/2006,91.4
1/26/2006,89.5
1/27/2006,89.8
1/28/2006,125
1/29/2006,134
1/30/2006,251
1/31/2006,234
2/1/2006,253
2/2/2006,414
2/3/2006,270
2/4/2006,250
2/5/2006,198
2/6/2006,164
2/7/2006,149
2/8/2006,136
2/9/2006,124
2/10/2006,118
2/11/2006,113
2/12/2006,108
2/13/2006,113
2/14/2006,101
2/15/2006,94.3
2/16/2006,85.2
2/17/2006,78.6
2/18/2006,73.7
2/19/2006,66.6
2/20/2006,63.1
2/21/2006,60.2
2/22/2006,56.1
2/23/2006,53.4
2/24/2006,51
2/25/2006,50
2/26/2006,55
2/27/2006,96.2
2/28/2006,154
3/1/2006,145
3/2/2006,132
3/3/2006,108
3/4/2006,101
3/5/2006,120
3/6/2006,144
3/7/2006,152
3/8/2006,133
3/9/2006,121
3/10/2006,106
3/11/2006,93.8
3/12/2006,81.7
3/13/2006,75
3/14/2006,76.7
3/15/2006,71.7
3/16/2006,100
3/17/2006,114
3/18/2006,102
3/19/2006,95.3
3/20/2006,95.1
3/21/2006,89.2
3/22/2006,82.8
3/23/2006,80.1
3/24/2006,124
3/25/2006,135
3/26/2006,120
3/27/2006,106
3/28/2006,103
3/29/2006,96.1
3/30/2006,90
3/31/2006,103
4/1/2006,106
4/2/2006,108
4/3/2006,129
4/4/2006,138
4/5/2006,131
4/6/2006,122
4/7/2006,118
4/8/2006,117
4/9/2006,124
4/10/2006,121
4/11/2006,169
4/12/2006,331
4/13/2006,271
4/14/2006,220
4/15/2006,192
4/16/2006,169
4/17/2006,147
4/18/2006,130
4/19/2006,133
4/20/2006,141
4/21/2006,160
4/22/2006,158
4/23/2006,142
4/24/2006,154
4/25/2006,173
4/26/2006,182
4/27/2006,193
4/28/2006,195
4/29/2006,195
4/30/2006,190
5/1/2006,166
5/2/2006,160
5/3/2006,152
5/4/2006,152
5/5/2006,156
5/6/2006,155
5/7/2006,150
5/8/2006,150
5/9/2006,134
5/10/2006,134
5/11/2006,152
5/12/2006,151
5/13/2006,148
5/14/2006,153
5/15/2006,175
5/16/2006,202
5/17/2006,213
5/18/2006,201
5/19/2006,174
5/20/2006,198
5/21/2006,154
5/22/2006,243
5/23/2006,208
5/24/2006,175
5/25/2006,135
5/26/2006,119
5/27/2006,94.2
5/28/2006,81.3
5/29/2006,84
5/30/2006,93.7
5/31/2006,107
6/1/2006,122
6/2/2006,135
6/3/2006,123
6/4/2006,137
6/5/2006,122
6/6/2006,117
6/7/2006,101
6/8/2006,90.6
6/9/2006,89.1
6/10/2006,85.1
6/11/2006,79.8
6/12/2006,72.9
6/13/2006,85.3
6/14/2006,67.8
6/15/2006,62
6/16/2006,72.8
6/17/2006,66.6
6/18/2006,62.5
6/19/2006,58.8
6/20/2006,54.8
6/21/2006,54.1
6/22/2006,49.6
6/23/2006,52.2
6/24/2006,51.6
6/25/2006,50.7
6/26/2006,48.2
6/27/2006,46
6/28/2006,47.1
6/29/2006,36.4
6/30/2006,34
7/1/2006,31.8
7/2/2006,30
7/3/2006,27.3
7/4/2006,25.8
7/5/2006,23.3
7/6/2006,21.6
7/7/2006,19.4
7/8/2006,18.2
7/9/2006,18.7
7/10/2006,18
7/11/2006,16.4
7/12/2006,15
7/13/2006,14
7/14/2006,13.3
7/15/2006,12.9
7/16/2006,11.8
7/17/2006,10.9
7/18/2006,10.5
7/19/2006,9.94
7/20/2006,9.74
7/21/2006,10.2
7/22/2006,9.66
7/23/2006,8.49
7/24/2006,8.02
7/25/2006,7.69
7/26/2006,7.13
7/27/2006,6.67
7/28/2006,6.37
7/29/2006,6.13
7/30/2006,6.16
7/31/2006,6.19
8/1/2006,6.17
8/2/2006,5.97
8/3/2006,5.74
8/4/2006,5.54
8/5/2006,5.38
8/6/2006,5.24
8/7/2006,5.67
8/8/2006,5.99
8/9/2006,5.43
8/10/2006,5.06
8/11/2006,4.82
8/12/2006,4.69
8/13/2006,4.53
8/14/2006,4.36
8/15/2006,4.31
8/16/2006,4.34
8/17/2006,4.36
8/18/2006,4.18
8/19/2006,3.88
8/20/2006,3.87
8/21/2006,3.83
8/22/2006,3.82
8/23/2006,3.79
8/24/2006,3.79
8/25/2006,3.74
8/26/2006,3.65
8/27/2006,3.57
8/28/2006,3.5
8/29/2006,3.48
8/30/2006,3.43
8/31/2006,3.35
9/1/2006,3.32
9/2/2006,3.28
9/3/2006,3.19
9/4/2006,3.2
9/5/2006,3.17
9/6/2006,3.14
9/7/2006,3.18
9/8/2006,3.18
9/9/2006,3.2
9/10/2006,3.28
9/11/2006,3.23
9/12/2006,3.18
9/13/2006,3.11
9/14/2006,3.06
9/15/2006,3.29
9/16/2006,3.56
9/17/2006,3.69
9/18/2006,3.57
9/19/2006,3.48
9/20/2006,3.51
9/21/2006,3.53
9/22/2006,3.45
9/23/2006,3.38
9/24/2006,3.35
9/25/2006,3.33
9/26/2006,3.3
9/27/2006,3.25
9/28/2006,3.2
9/29/2006,3.17
9/30/2006,3.24
10/1/2006,3.31
10/2/2006,3.51
10/3/2006,3.64
10/4/2006,4.01
10/5/2006,4.37
10/6/2006,4.64
10/7/2006,4.55
10/8/2006,4.31
10/9/2006,4.07
10/10/2006,4.02
10/11/2006,4.07
10/12/2006,4.07
10/13/2006,4.08
10/14/2006,4.08
10/15/2006,4.23
10/16/2006,4.62
10/17/2006,4.83
10/18/2006,4.88
10/19/2006,4.84
10/20/2006,4.77
10/21/2006,4.59
10/22/2006,4.54
10/23/2006,4.55
10/24/2006,4.55
10/25/2006,4.6
10/26/2006,4.74
10/27/2006,4.82
10/28/2006,4.84
10/29/2006,4.87
10/30/2006,4.9
10/31/2006,5.11
11/1/2006,5.42
11/2/2006,6.45
11/3/2006,9.83
11/4/2006,13.6
11/5/2006,7.82
11/6/2006,6.54
11/7/2006,6.35
11/8/2006,10.4
11/9/2006,9.11
11/10/2006,7.26
11/11/2006,9.38
11/12/2006,8.36
11/13/2006,21.9
11/14/2006,40.5
11/15/2006,17.5
11/16/2006,61.7
11/17/2006,29.2
11/18/2006,18.1
11/19/2006,14.6
11/20/2006,26.4
11/21/2006,22.6
11/22/2006,21
11/23/2006,21.1
11/24/2006,15.1
11/25/2006,12.8
11/26/2006,15.4
11/27/2006,16.7
11/28/2006,14.2
11/29/2006,11.8
11/30/2006,10.8
12/1/2006,10.2
12/2/2006,9.86
12/3/2006,9.7
12/4/2006,9.5
12/5/2006,9.84
12/6/2006,9.89
12/7/2006,9.84
12/8/2006,9.84
12/9/2006,15.3
12/10/2006,27.1
12/11/2006,37.5
12/12/2006,73.4
12/13/2006,227
12/14/2006,208
12/15/2006,135
12/16/2006,65.2
12/17/2006,45.4
12/18/2006,35.2
12/19/2006,29.8
12/20/2006,25.4
12/21/2006,25.8
12/22/2006,22.6
12/23/2006,26
12/24/2006,33.7
12/25/2006,33.9
12/26/2006,86.2
12/27/2006,115
12/28/2006,69.1
12/29/2006,50.9
12/30/2006,42.1
12/31/2006,36.5
1/1/2007,32.4
1/2/2007,30.4
1/3/2007,99.4
1/4/2007,147
1/5/2007,85.2
1/6/2007,65.5
1/7/2007,54
1/8/2007,46.3
1/9/2007,42.1
1/10/2007,39
1/11/2007,34.3
1/12/2007,30.9
1/13/2007,29
1/14/2007,27
1/15/2007,24
1/16/2007,22.9
1/17/2007,22
1/18/2007,20.9
1/19/2007,20
1/20/2007,18.4
1/21/2007,17.4
1/22/2007,16.8
1/23/2007,16.2
1/24/2007,16
1/25/2007,15.4
1/26/2007,15.3
1/27/2007,14.7
1/28/2007,14.5
1/29/2007,14
1/30/2007,13.9
1/31/2007,13.4
2/1/2007,13.3
2/2/2007,12.7
2/3/2007,12.7
2/4/2007,12.7
2/5/2007,13.8
2/6/2007,14.3
2/7/2007,17
2/8/2007,30.7
2/9/2007,32
2/10/2007,113
2/11/2007,136
2/12/2007,84.5
2/13/2007,67.5
2/14/2007,57.7
2/15/2007,54.8
2/16/2007,54.3
2/17/2007,50.3
2/18/2007,45.8
2/19/2007,41.1
2/20/2007,38
2/21/2007,51.7
2/22/2007,106
2/23/2007,79.8
2/24/2007,69.5
2/25/2007,76.7
2/26/2007,71.9
2/27/2007,64.3
2/28/2007,56.2
3/1/2007,52.2
3/2/2007,49.8
3/3/2007,52
3/4/2007,64.8
3/5/2007,73.4
3/6/2007,74
3/7/2007,78.2
3/8/2007,78.6
3/9/2007,68.5
3/10/2007,61.4
3/11/2007,65.3
3/12/2007,86.8
3/13/2007,91.2
3/14/2007,79.6
3/15/2007,68.8
3/16/2007,69.7
3/17/2007,76.3
3/18/2007,72.9
3/19/2007,62.5
3/20/2007,56.6
3/21/2007,49.7
3/22/2007,44.2
3/23/2007,45.5
3/24/2007,50.9
3/25/2007,54.8
3/26/2007,52
3/27/2007,41.7
3/28/2007,35.7
3/29/2007,33.1
3/30/2007,32.5
3/31/2007,34.6
4/1/2007,35.6
4/2/2007,34.3
4/3/2007,32.2
4/4/2007,34.5
4/5/2007,41.9
4/6/2007,49.5
4/7/2007,61.8
4/8/2007,48.5
4/9/2007,48.2
4/10/2007,36.6
4/11/2007,33.8
4/12/2007,30.5
4/13/2007,27.9
4/14/2007,32.2
4/15/2007,28.5
4/16/2007,25.7
4/17/2007,30.4
4/18/2007,26.4
4/19/2007,24.1
4/20/2007,22.7
4/21/2007,28.6
4/22/2007,34.9
4/23/2007,28.3
4/24/2007,31.7
4/25/2007,36.2
4/26/2007,33.5
4/27/2007,40.7
4/28/2007,55.1
4/29/2007,64.6
4/30/2007,51.5
5/1/2007,49.8
5/2/2007,69.8
5/3/2007,40.2
5/4/2007,33.9
5/5/2007,30.7
5/6/2007,34.3
5/7/2007,51.7
5/8/2007,53.8
5/9/2007,51.1
5/10/2007,45.9
5/11/2007,39.7
5/12/2007,36.1
5/13/2007,31.2
5/14/2007,28
5/15/2007,28.5
5/16/2007,31.3
5/17/2007,30.1
5/18/2007,28
5/19/2007,27.6
5/20/2007,23.8
5/21/2007,22.4
5/22/2007,18.9
5/23/2007,16.3
5/24/2007,16.8
5/25/2007,20.6
5/26/2007,21.9
5/27/2007,21.5
5/28/2007,18.9
5/29/2007,15.4
5/30/2007,15
5/31/2007,16.4
6/1/2007,16.6
6/2/2007,15.5
6/3/2007,13.5
6/4/2007,12.9
6/5/2007,15
6/6/2007,11.6
6/7/2007,9.4
6/8/2007,8.49
6/9/2007,8.1
6/10/2007,8.17
6/11/2007,8.59
6/12/2007,7.64
6/13/2007,7.06
6/14/2007,6.87
6/15/2007,6.75
6/16/2007,6.24
6/17/2007,5.76
6/18/2007,5.39
6/19/2007,5.09
6/20/2007,4.86
6/21/2007,4.76
6/22/2007,4.61
6/23/2007,4.47
6/24/2007,4.42
6/25/2007,4.38
6/26/2007,4.15
6/27/2007,3.85
6/28/2007,3.74
6/29/2007,3.67
6/30/2007,3.7
7/1/2007,3.55
7/2/2007,3.38
7/3/2007,3.3
7/4/2007,3.18
7/5/2007,3.02
7/6/2007,2.84
7/7/2007,2.79
7/8/2007,2.73
7/9/2007,2.6
7/10/2007,2.52
7/11/2007,2.68
7/12/2007,3.06
7/13/2007,2.81
7/14/2007,2.46
7/15/2007,2.34
7/16/2007,2.28
7/17/2007,2.28
7/18/2007,2.84
7/19/2007,2.98
7/20/2007,2.78
7/21/2007,2.65
7/22/2007,2.4
7/23/2007,2.23
7/24/2007,2.13
7/25/2007,2.06
7/26/2007,1.93
7/27/2007,1.82
7/28/2007,1.73
7/29/2007,1.69
7/30/2007,1.65
7/31/2007,1.52
8/1/2007,1.46
8/2/2007,1.41
8/3/2007,1.36
8/4/2007,1.33
8/5/2007,1.32
8/6/2007,1.38
8/7/2007,1.44
8/8/2007,1.46
8/9/2007,1.49
8/10/2007,1.46
8/11/2007,1.43
8/12/2007,1.42
8/13/2007,1.39
8/14/2007,1.38
8/15/2007,1.36
8/16/2007,1.35
8/17/2007,1.38
8/18/2007,1.42
8/19/2007,1.51
8/20/2007,1.55
8/21/2007,1.55
8/22/2007,1.53
8/23/2007,1.47
8/24/2007,1.4
8/25/2007,1.3
8/26/2007,1.27
8/27/2007,1.27
8/28/2007,1.28
8/29/2007,1.23
8/30/2007,1.26
8/31/2007,1.24
9/1/2007,1.23
9/2/2007,1.23
9/3/2007,1.23
9/4/2007,1.23
9/5/2007,1.3
9/6/2007,1.29
9/7/2007,1.32
9/8/2007,1.33
9/9/2007,1.28
9/10/2007,1.26
9/11/2007,1.25
9/12/2007,1.25
9/13/2007,1.32
9/14/2007,1.47
9/15/2007,1.57
9/16/2007,1.62
9/17/2007,1.65
9/18/2007,1.66
9/19/2007,1.74
9/20/2007,1.85
9/21/2007,1.78
9/22/2007,1.87
9/23/2007,2.04
9/24/2007,1.96
9/25/2007,1.94
9/26/2007,1.86
9/27/2007,1.79
9/28/2007,1.79
9/29/2007,1.94
9/30/2007,2.08
10/1/2007,2.33
10/2/2007,2.66
10/3/2007,2.75
10/4/2007,2.69
10/5/2007,2.74
10/6/2007,2.82
10/7/2007,2.89
10/8/2007,2.83
10/9/2007,2.77
10/10/2007,3.93
10/11/2007,4.74
10/12/2007,6.16
10/13/2007,5.8
10/14/2007,4.44
10/15/2007,4.38
10/16/2007,4.95
10/17/2007,7.32
10/18/2007,21.4
10/19/2007,98.7
10/20/2007,31.2
10/21/2007,14.4
10/22/2007,10.2
10/23/2007,9.62
10/24/2007,8
10/25/2007,6.91
10/26/2007,6.33
10/27/2007,5.93
10/28/2007,5.61
10/29/2007,5.63
10/30/2007,6
10/31/2007,5.97
11/1/2007,5.76
11/2/2007,5.52
11/3/2007,5.45
11/4/2007,5.16
11/5/2007,5.16
11/6/2007,5.05
11/7/2007,4.83
11/8/2007,4.82
11/9/2007,4.82
11/10/2007,5.42
11/11/2007,10.2
11/12/2007,9.28
11/13/2007,22.9
11/14/2007,13.9
11/15/2007,9.78
11/16/2007,8.07
11/17/2007,8.41
11/18/2007,8.68
11/19/2007,11.7
11/20/2007,11.9
11/21/2007,8.89
11/22/2007,7.73
11/23/2007,7.02
11/24/2007,6.53
11/25/2007,6.23
11/26/2007,5.89
11/27/2007,5.89
11/28/2007,5.73
11/29/2007,5.52
11/30/2007,5.52
12/1/2007,5.35
12/2/2007,5.34
12/3/2007,20.8
12/4/2007,85.6
12/5/2007,31.6
12/6/2007,22.8
12/7/2007,20.7
12/8/2007,16
12/9/2007,13.3
12/10/2007,11.8
12/11/2007,10.5
12/12/2007,9.65
12/13/2007,8.99
12/14/2007,8.52
12/15/2007,8.21
12/16/2007,8.4
12/17/2007,9.14
12/18/2007,23.4
12/19/2007,24.9
12/20/2007,33.7
12/21/2007,21.8
12/22/2007,16.4
12/23/2007,14.9
12/24/2007,30.7
12/25/2007,21.5
12/26/2007,17.2
12/27/2007,15.3
12/28/2007,14.3
12/29/2007,14.2
12/30/2007,13.2
12/31/2007,12
1/1/2008,11.5
1/2/2008,11
1/3/2008,16.1
1/4/2008,111
1/5/2008,78.2
1/6/2008,44.7
1/7/2008,33.1
1/8/2008,31.4
1/9/2008,28.3
1/10/2008,33.8
1/11/2008,35.8
1/12/2008,36.9
1/13/2008,40.4
1/14/2008,36.9
1/15/2008,33.2
1/16/2008,30.5
1/17/2008,27.7
1/18/2008,25.8
1/19/2008,25.2
1/20/2008,25.5
1/21/2008,24.5
1/22/2008,22.7
1/23/2008,21.4
1/24/2008,20.9
1/25/2008,21.9
1/26/2008,41.4
1/27/2008,61
1/28/2008,72.8
1/29/2008,57.2
1/30/2008,46.2
1/31/2008,45.9
2/1/2008,40.8
2/2/2008,41.4
2/3/2008,38.8
2/4/2008,33.7
2/5/2008,30.5
2/6/2008,29.5
2/7/2008,31.3
2/8/2008,34.4
2/9/2008,33.8
2/10/2008,35.1
2/11/2008,38.7
2/12/2008,48.7
2/13/2008,66.5
2/14/2008,62.6
2/15/2008,56.4
2/16/2008,56.8
2/17/2008,65
2/18/2008,71.3
2/19/2008,73.9
2/20/2008,77.7
2/21/2008,84.8
2/22/2008,93.8
2/23/2008,92.3
2/24/2008,120
2/25/2008,133
2/26/2008,111
2/27/2008,99.1
2/28/2008,94.5
2/29/2008,95.7
3/1/2008,96.2
3/2/2008,85.2
3/3/2008,75.1
3/4/2008,69.3
3/5/2008,65.2
3/6/2008,61.6
3/7/2008,57.8
3/8/2008,55.5
3/9/2008,57
3/10/2008,63.4
3/11/2008,72
3/12/2008,72.5
3/13/2008,84.7
3/14/2008,78.4
3/15/2008,66.5
3/16/2008,57.3
3/17/2008,50.8
3/18/2008,51.3
3/19/2008,58.9
3/20/2008,57.2
3/21/2008,51.1
3/22/2008,47.8
3/23/2008,48.1
3/24/2008,52.9
3/25/2008,59.6
3/26/2008,56.5
3/27/2008,49.2
3/28/2008,45.5
3/29/2008,41
3/30/2008,37
3/31/2008,34.6
4/1/2008,32.8
4/2/2008,31.5
4/3/2008,32.1
4/4/2008,34.8
4/5/2008,35.1
4/6/2008,34.6
4/7/2008,33.8
4/8/2008,33.1
4/9/2008,31.8
4/10/2008,32.1
4/11/2008,36.2
4/12/2008,49.2
4/13/2008,66.1
4/14/2008,76.6
4/15/2008,61.8
4/16/2008,52
4/17/2008,53.3
4/18/2008,64.5
4/19/2008,65
4/20/2008,51.5
4/21/2008,43.9
4/22/2008,42.5
4/23/2008,38.3
4/24/2008,34.1
4/25/2008,33.3
4/26/2008,39.9
4/27/2008,64.4
4/28/2008,79.8
4/29/2008,76.3
4/30/2008,55
5/1/2008,47.5
5/2/2008,48.1
5/3/2008,55.4
5/4/2008,67.9
5/5/2008,79.8
5/6/2008,98.8
5/7/2008,94.4
5/8/2008,80.5
5/9/2008,76.1
5/10/2008,76.2
5/11/2008,84.7
5/12/2008,69.9
5/13/2008,65.5
5/14/2008,95.9
5/15/2008,146
5/16/2008,150
5/17/2008,144
5/18/2008,121
5/19/2008,106
5/20/2008,95.1
5/21/2008,69
5/22/2008,54.4
5/23/2008,47
5/24/2008,75
5/25/2008,64.2
5/26/2008,59.9
5/27/2008,64.1
5/28/2008,55.4
5/29/2008,51.5
5/30/2008,50.9
5/31/2008,51.5
6/1/2008,51.9
6/2/2008,48
6/3/2008,52.8
6/4/2008,45.8
6/5/2008,37.8
6/6/2008,39
6/7/2008,35.1
6/8/2008,35.2
6/9/2008,42.8
6/10/2008,43.4
6/11/2008,31.3
6/12/2008,29.2
6/13/2008,31.6
6/14/2008,36.5
6/15/2008,35.2
6/16/2008,32.9
6/17/2008,29.7
6/18/2008,25.2
6/19/2008,22.6
6/20/2008,22.5
6/21/2008,24.1
6/22/2008,21.1
6/23/2008,18.3
6/24/2008,18.7
6/25/2008,19.3
6/26/2008,19.3
6/27/2008,18.2
6/28/2008,18.8
6/29/2008,18.5
6/30/2008,16.2
7/1/2008,14
7/2/2008,12.6
7/3/2008,12.2
7/4/2008,11.7
7/5/2008,10.7
7/6/2008,9.76
7/7/2008,9.13
7/8/2008,8.24
7/9/2008,7.72
7/10/2008,7.29
7/11/2008,6.69
7/12/2008,5.9
7/13/2008,5.54
7/14/2008,5.27
7/15/2008,5.2
7/16/2008,5.29
7/17/2008,5.17
7/18/2008,4.99
7/19/2008,4.67
7/20/2008,4.16
7/21/2008,3.76
7/22/2008,3.92
7/23/2008,4.02
7/24/2008,3.83
7/25/2008,3.79
7/26/2008,3.68
7/27/2008,3.55
7/28/2008,3.3
7/29/2008,3.1
7/30/2008,2.78
7/31/2008,2.75
8/1/2008,2.78
8/2/2008,2.81
8/3/2008,2.65
8/4/2008,2.46
8/5/2008,2.16
8/6/2008,1.97
8/7/2008,2.13
8/8/2008,2.17
8/9/2008,2.15
8/10/2008,2.17
8/11/2008,2.11
8/12/2008,2.03
8/13/2008,1.78
8/14/2008,1.57
8/15/2008,1.47
8/16/2008,1.58
8/17/2008,1.68
8/18/2008,1.66
8/19/2008,1.97
8/20/2008,1.75
8/21/2008,1.97
8/22/2008,2.23
8/23/2008,2.67
8/24/2008,1.79
8/25/2008,1.67
8/26/2008,1.73
8/27/2008,1.76
8/28/2008,1.64
8/29/2008,1.55
8/30/2008,1.46
8/31/2008,1.57
9/1/2008,1.71
9/2/2008,1.8
9/3/2008,1.78
9/4/2008,1.69
9/5/2008,1.61
9/6/2008,1.49
9/7/2008,1.42
9/8/2008,1.24
9/9/2008,1.11
9/10/2008,1.03
9/11/2008,0.97
9/12/2008,0.91
9/13/2008,0.92
9/14/2008,0.95
9/15/2008,1.15
9/16/2008,1.04
9/17/2008,0.95
9/18/2008,1.19
9/19/2008,1.29
9/20/2008,1.45
9/21/2008,1.37
9/22/2008,1.66
9/23/2008,1.69
9/24/2008,1.4
9/25/2008,1.28
9/26/2008,1.44
9/27/2008,1.4
9/28/2008,1.23
9/29/2008,1.18
9/30/2008,1.09
10/1/2008,1.3
10/2/2008,1.61
10/3/2008,4.48
10/4/2008,12.7
10/5/2008,6.78
10/6/2008,4.97
10/7/2008,4.22
10/8/2008,3.8
10/9/2008,3.54
10/10/2008,3.45
10/11/2008,3.61
10/12/2008,3.65
10/13/2008,3.65
10/14/2008,3.69
10/15/2008,3.66
10/16/2008,3.6
10/17/2008,3.57
10/18/2008,3.56
10/19/2008,3.56
10/20/2008,3.67
10/21/2008,4.1
10/22/2008,4.2
10/23/2008,4.2
10/24/2008,4.11
10/25/2008,4.09
10/26/2008,4.17
10/27/2008,4.2
10/28/2008,4.22
10/29/2008,4.25
10/30/2008,4.63
10/31/2008,6.96
11/1/2008,75.8
11/2/2008,72.4
11/3/2008,33.6
11/4/2008,28.8
11/5/2008,18
11/6/2008,25.8
11/7/2008,26.2
11/8/2008,30.9
11/9/2008,31.3
11/10/2008,19.5
11/11/2008,16.1
11/12/2008,35.1
11/13/2008,25.7
11/14/2008,21.6
11/15/2008,16.6
11/16/2008,13.6
11/17/2008,11.7
11/18/2008,10.4
11/19/2008,9.53
11/20/2008,9.01
11/21/2008,9.41
11/22/2008,8.59
11/23/2008,8.66
11/24/2008,8.04
11/25/2008,7.55
11/26/2008,7.35
11/27/2008,7.16
11/28/2008,6.77
11/29/2008,6.72
11/30/2008,6.53
12/1/2008,6.33
12/2/2008,6.33
12/3/2008,6.29
12/4/2008,6
12/5/2008,5.95
12/6/2008,5.95
12/7/2008,5.87
12/8/2008,5.59
12/9/2008,5.59
12/10/2008,5.59
12/11/2008,5.59
12/12/2008,5.59
12/13/2008,5.93
12/14/2008,5.87
12/15/2008,6.57
12/16/2008,6.06
12/17/2008,5.75
12/18/2008,5.98
12/19/2008,6.77
12/20/2008,6.19
12/21/2008,7.96
12/22/2008,9.11
12/23/2008,8
12/24/2008,9.55
12/25/2008,10.4
12/26/2008,8.5
12/27/2008,9.09
12/28/2008,15.6
12/29/2008,37.2
12/30/2008,28.1
12/31/2008,17.8
1/1/2009,15.4
1/2/2009,41.2
1/3/2009,29
1/4/2009,20.4
1/5/2009,18.2
1/6/2009,17
1/7/2009,20.2
1/8/2009,20.8
1/9/2009,20.7
1/10/2009,18.2
1/11/2009,17.4
1/12/2009,20
1/13/2009,24.8
1/14/2009,26
1/15/2009,25.8
1/16/2009,24.3
1/17/2009,23.5
1/18/2009,22.5
1/19/2009,20.3
1/20/2009,19
1/21/2009,17.9
1/22/2009,20.9
1/23/2009,23
1/24/2009,23.1
1/25/2009,21.5
1/26/2009,18.8
1/27/2009,16.7
1/28/2009,15.7
1/29/2009,14.6
1/30/2009,14
1/31/2009,13.8
2/1/2009,13.4
2/2/2009,12.9
2/3/2009,13.1
2/4/2009,12.9
2/5/2009,14.3
2/6/2009,20.9
2/7/2009,18.1
2/8/2009,16.3
2/9/2009,15.2
2/10/2009,14.6
2/11/2009,15
2/12/2009,14.4
2/13/2009,15.1
2/14/2009,16
2/15/2009,24.1
2/16/2009,30.4
2/17/2009,27
2/18/2009,23.6
2/19/2009,22.4
2/20/2009,22.7
2/21/2009,24.4
2/22/2009,81.8
2/23/2009,171
2/24/2009,121
2/25/2009,74.2
2/26/2009,59.8
2/27/2009,50.5
2/28/2009,44.1
3/1/2009,107
3/2/2009,186
3/3/2009,106
3/4/2009,77.4
3/5/2009,59.9
3/6/2009,50
3/7/2009,44
3/8/2009,40.3
3/9/2009,37.1
3/10/2009,33.9
3/11/2009,31.2
3/12/2009,29.6
3/13/2009,29
3/14/2009,29.9
3/15/2009,32.8
3/16/2009,75.2
3/17/2009,71.2
3/18/2009,55.1
3/19/2009,51.9
3/20/2009,53.4
3/21/2009,53.6
3/22/2009,48.4
3/23/2009,42
3/24/2009,38.3
3/25/2009,36.8
3/26/2009,39.3
3/27/2009,51.2
3/28/2009,57.3
3/29/2009,55.4
3/30/2009,45.7
3/31/2009,41.9
4/1/2009,42.9
4/2/2009,46
4/3/2009,40
4/4/2009,36
4/5/2009,33.8
4/6/2009,33.5
4/7/2009,36.4
4/8/2009,34
4/9/2009,38.2
4/10/2009,34.7
4/11/2009,31.7
4/12/2009,31.3
4/13/2009,37.9
4/14/2009,37.3
4/15/2009,31.9
4/16/2009,29.4
4/17/2009,30
4/18/2009,38.2
4/19/2009,51.4
4/20/2009,73.5
4/21/2009,92.8
4/22/2009,105
4/23/2009,72.2
4/24/2009,50.8
4/25/2009,40.9
4/26/2009,40.4
4/27/2009,39.3
4/28/2009,37.3
4/29/2009,31.7
4/30/2009,29.8
5/1/2009,37.1
5/2/2009,71.8
5/3/2009,98
5/4/2009,112
5/5/2009,188
5/6/2009,120
5/7/2009,103
5/8/2009,86.6
5/9/2009,80.1
5/10/2009,77
5/11/2009,75.8
5/12/2009,67.6
5/13/2009,59.2
5/14/2009,64.5
5/15/2009,70.6
5/16/2009,72.6
5/17/2009,81.9
5/18/2009,87.9
5/19/2009,67.3
5/20/2009,52.5
5/21/2009,47.8
5/22/2009,49.1
5/23/2009,51.8
5/24/2009,47.1
5/25/2009,45.1
5/26/2009,42.9
5/27/2009,41.8
5/28/2009,44.7
5/29/2009,40.4
5/30/2009,37.2
5/31/2009,33.9
6/1/2009,31.6
6/2/2009,28.3
6/3/2009,33
6/4/2009,41.7
6/5/2009,31.2
6/6/2009,38.9
6/7/2009,28.4
6/8/2009,23.5
6/9/2009,21.4
6/10/2009,20.4
6/11/2009,20
6/12/2009,18.1
6/13/2009,17.6
6/14/2009,22.8
6/15/2009,18.7
6/16/2009,16.8
6/17/2009,15.9
6/18/2009,15.2
6/19/2009,14.3
6/20/2009,13.7
6/21/2009,12.4
6/22/2009,11.4
6/23/2009,10.4
6/24/2009,9.55
6/25/2009,9.07
6/26/2009,8.79
6/27/2009,8.25
6/28/2009,7.7
6/29/2009,7.11
6/30/2009,6.8
7/1/2009,6.44
7/2/2009,6.16
7/3/2009,5.7
7/4/2009,5.4
7/5/2009,5.18
7/6/2009,4.94
7/7/2009,4.87
7/8/2009,4.84
7/9/2009,4.81
7/10/2009,4.73
7/11/2009,4.51
7/12/2009,4.39
7/13/2009,4.21
7/14/2009,3.96
7/15/2009,3.68
7/16/2009,3.42
7/17/2009,3.21
7/18/2009,3.02
7/19/2009,2.85
7/20/2009,2.61
7/21/2009,2.46
7/22/2009,2.36
7/23/2009,2.3
7/24/2009,2.25
7/25/2009,2.14
7/26/2009,1.9
7/27/2009,1.59
7/28/2009,1.47
7/29/2009,1.5
7/30/2009,1.46
7/31/2009,1.63
8/1/2009,1.73
8/2/2009,1.66
8/3/2009,1.63
8/4/2009,1.58
8/5/2009,1.65
8/6/2009,2.31
8/7/2009,3.22
8/8/2009,3.22
8/9/2009,2.58
8/10/2009,2.01
8/11/2009,1.75
8/12/2009,1.56
8/13/2009,1.61
8/14/2009,1.78
8/15/2009,1.87
8/16/2009,1.81
8/17/2009,1.66
8/18/2009,1.58
8/19/2009,1.37
8/20/2009,1.11
8/21/2009,1.21
8/22/2009,1.32
8/23/2009,1.29
8/24/2009,1.34
8/25/2009,1.34
8/26/2009,1.32
8/27/2009,1.33
8/28/2009,1.4
8/29/2009,1.59
8/30/2009,1.51
8/31/2009,1.39
9/1/2009,1.35
9/2/2009,1.35
9/3/2009,1.35
9/4/2009,1.32
9/5/2009,1.3
9/6/2009,1.41
9/7/2009,1.49
9/8/2009,1.56
9/9/2009,1.53
9/10/2009,1.4
9/11/2009,1.22
9/12/2009,1.12
9/13/2009,1.24
9/14/2009,1.4
9/15/2009,1.47
9/16/2009,1.49
9/17/2009,1.48
9/18/2009,1.5
9/19/2009,1.36
9/20/2009,1.35
9/21/2009,1.33
9/22/2009,1.23
9/23/2009,1.22
9/24/2009,1.18
9/25/2009,1.17
9/26/2009,1.1
9/27/2009,0.99
9/28/2009,0.88
9/29/2009,0.98
9/30/2009,1.28
10/1/2009,1.51
10/2/2009,1.73
10/3/2009,1.85
10/4/2009,2.08
10/5/2009,2.42
10/6/2009,2.27
10/7/2009,2.22
10/8/2009,2.11
10/9/2009,2.03
10/10/2009,1.94
10/11/2009,1.95
10/12/2009,2.12
10/13/2009,15.3
10/14/2009,81.8
10/15/2009,30.8
10/16/2009,11.6
10/17/2009,6.7
10/18/2009,5.08
10/19/2009,4.64
10/20/2009,4.19
10/21/2009,3.79
10/22/2009,3.53
10/23/2009,3.37
10/24/2009,3.26
10/25/2009,3.11
10/26/2009,3.08
10/27/2009,3.14
10/28/2009,3.11
10/29/2009,3.11
10/30/2009,3.11
10/31/2009,3.11
11/1/2009,3.11
11/2/2009,3.06
11/3/2009,2.87
11/4/2009,2.91
11/5/2009,2.99
11/6/2009,4.96
11/7/2009,7.3
11/8/2009,4.74
11/9/2009,4.28
11/10/2009,5.01
11/11/2009,4.96
11/12/2009,4.63
11/13/2009,4.34
11/14/2009,3.94
11/15/2009,3.75
11/16/2009,3.65
11/17/2009,4.58
11/18/2009,8.42
11/19/2009,5.6
11/20/2009,6.19
11/21/2009,6.08
11/22/2009,8.57
11/23/2009,8.63
11/24/2009,7.05
11/25/2009,8.76
11/26/2009,8.86
11/27/2009,13.2
11/28/2009,10.9
11/29/2009,7.78
11/30/2009,6.54
12/1/2009,5.73
12/2/2009,5.17
12/3/2009,4.9
12/4/2009,4.61
12/5/2009,4.41
12/6/2009,4.21
12/7/2009,3.9
12/8/2009,3.9
12/9/2009,3.9
12/10/2009,3.9
12/11/2009,4.2
12/12/2009,6.6
12/13/2009,7.69
12/14/2009,7.47
12/15/2009,23
12/16/2009,37.5
12/17/2009,20
12/18/2009,14.8
12/19/2009,15.2
12/20/2009,20.8
12/21/2009,44.8
12/22/2009,33.5
12/23/2009,22.4
12/24/2009,18.2
12/25/2009,16
12/26/2009,14.9
12/27/2009,15.1
12/28/2009,13.9
12/29/2009,13.4
12/30/2009,14
12/31/2009,16.5
1/1/2010,81.5
1/2/2010,54
1/3/2010,34.5
1/4/2010,28.6
1/5/2010,26.1
1/6/2010,29.9
1/7/2010,38.2
1/8/2010,38.6
1/9/2010,43
1/10/2010,34.2
1/11/2010,30.6
1/12/2010,68.1
1/13/2010,127
1/14/2010,82.7
1/15/2010,61.6
1/16/2010,50.8
1/17/2010,49.5
1/18/2010,84.5
1/19/2010,138
1/20/2010,137
1/21/2010,132
1/22/2010,104
1/23/2010,82.8
1/24/2010,90.5
1/25/2010,131
1/26/2010,146
1/27/2010,103
1/28/2010,81.6
1/29/2010,69.8
1/30/2010,63.3
1/31/2010,57.8
2/1/2010,58.7
2/2/2010,60.1
2/3/2010,60.1
2/4/2010,73.6
2/5/2010,159
2/6/2010,119
2/7/2010,96.5
2/8/2010,80.8
2/9/2010,69.3
2/10/2010,59.3
2/11/2010,57.5
2/12/2010,62.4
2/13/2010,60.8
2/14/2010,61.3
2/15/2010,61.7
2/16/2010,60.3
2/17/2010,62.5
2/18/2010,62.1
2/19/2010,59.2
2/20/2010,56
2/21/2010,51.8
2/22/2010,46.7
2/23/2010,46.6
2/24/2010,54.2
2/25/2010,50.9
2/26/2010,93.3
2/27/2010,120
2/28/2010,93.3
3/1/2010,79.7
3/2/2010,78.2
3/3/2010,78.4
3/4/2010,69.6
3/5/2010,63.4
3/6/2010,57.6
3/7/2010,53.8
3/8/2010,51.2
3/9/2010,47.8
3/10/2010,46
3/11/2010,41.2
3/12/2010,50.2
3/13/2010,50.4
3/14/2010,47.4
3/15/2010,45.9
3/16/2010,46.1
3/17/2010,46.4
3/18/2010,47.3
3/19/2010,47.7
3/20/2010,49.3
3/21/2010,53
3/22/2010,54.6
3/23/2010,50.1
3/24/2010,49.6
3/25/2010,52.2
3/26/2010,45.6
3/27/2010,41.7
3/28/2010,41.5
3/29/2010,67.5
3/30/2010,78.3
3/31/2010,59.2
4/1/2010,49.9
4/2/2010,51
4/3/2010,48.2
4/4/2010,50.3
4/5/2010,50.7
4/6/2010,49.4
4/7/2010,50.9
4/8/2010,56.8
4/9/2010,55.9
4/10/2010,54.2
4/11/2010,58.1
4/12/2010,92.7
4/13/2010,97.3
4/14/2010,97.3
4/15/2010,96.7
4/16/2010,88.5
4/17/2010,83.6
4/18/2010,87.3
4/19/2010,91.8
4/20/2010,95.4
4/21/2010,80.4
4/22/2010,68.6
4/23/2010,66.6
4/24/2010,74.9
4/25/2010,77.1
4/26/2010,81.3
4/27/2010,191
4/28/2010,134
4/29/2010,98.7
4/30/2010,84.1
5/1/2010,79.1
5/2/2010,82.5
5/3/2010,90.4
5/4/2010,99.4
5/5/2010,85.9
5/6/2010,75.6
5/7/2010,71
5/8/2010,75.6
5/9/2010,81.4
5/10/2010,78.2
5/11/2010,63.2
5/12/2010,59.8
5/13/2010,69.4
5/14/2010,85.7
5/15/2010,99
5/16/2010,121
5/17/2010,120
5/18/2010,116
5/19/2010,99.5
5/20/2010,98.4
5/21/2010,82.1
5/22/2010,65.6
5/23/2010,55.2
5/24/2010,52
5/25/2010,54.5
5/26/2010,67.8
5/27/2010,62.7
5/28/2010,57.3
5/29/2010,56.3
5/30/2010,69.7
5/31/2010,92.4
6/1/2010,110
6/2/2010,150
6/3/2010,155
6/4/2010,229
6/5/2010,152
6/6/2010,155
6/7/2010,130
6/8/2010,124
6/9/2010,146
6/10/2010,109
6/11/2010,91.4
6/12/2010,95.2
6/13/2010,108
6/14/2010,125
6/15/2010,101
6/16/2010,84.9
6/17/2010,76.4
6/18/2010,80.4
6/19/2010,76.6
6/20/2010,69.5
6/21/2010,70.6
6/22/2010,77.2
6/23/2010,84.9
6/24/2010,86.2
6/25/2010,87.4
6/26/2010,85.9
6/27/2010,82.6
6/28/2010,75.1
6/29/2010,71.5
6/30/2010,57.2
7/1/2010,48.4
7/2/2010,44.9
7/3/2010,41.9
7/4/2010,41.4
7/5/2010,43.8
7/6/2010,45.8
7/7/2010,44
7/8/2010,40.8
7/9/2010,37.9
7/10/2010,36.4
7/11/2010,35.1
7/12/2010,33.9
7/13/2010,29.4
7/14/2010,26.2
7/15/2010,25.1
7/16/2010,24.6
7/17/2010,23.1
7/18/2010,20.1
7/19/2010,17
7/20/2010,15.5
7/21/2010,14.7
7/22/2010,13.3
7/23/2010,12.6
7/24/2010,12.2
7/25/2010,11.4
7/26/2010,10.4
7/27/2010,9.93
7/28/2010,9.24
7/29/2010,8.32
7/30/2010,7.55
7/31/2010,7.21
8/1/2010,6.78
8/2/2010,6.36
8/3/2010,6.14
8/4/2010,5.83
8/5/2010,5.63
8/6/2010,5.18
8/7/2010,4.87
8/8/2010,4.77
8/9/2010,4.69
8/10/2010,4.72
8/11/2010,4.67
8/12/2010,4.49
8/13/2010,4.12
8/14/2010,3.81
8/15/2010,3.69
8/16/2010,3.49
8/17/2010,3.1
8/18/2010,3.06
8/19/2010,2.98
8/20/2010,2.93
8/21/2010,2.82
8/22/2010,2.83
8/23/2010,2.65
8/24/2010,2.45
8/25/2010,2.21
8/26/2010,2.06
8/27/2010,2.07
8/28/2010,2.8
8/29/2010,4
8/30/2010,3.58
8/31/2010,3.36
9/1/2010,3.04
9/2/2010,2.64
9/3/2010,2.35
9/4/2010,2.15
9/5/2010,2.08
9/6/2010,2.28
9/7/2010,2.25
9/8/2010,2.48
9/9/2010,3.14
9/10/2010,3.24
9/11/2010,2.95
9/12/2010,2.64
9/13/2010,2.5
9/14/2010,2.42
9/15/2010,2.41
9/16/2010,2.28
9/17/2010,2.16
9/18/2010,2.4
9/19/2010,5.33
9/20/2010,5.95
9/21/2010,4.44
9/22/2010,4.15
9/23/2010,3.77
9/24/2010,3.43
9/25/2010,3.12
9/26/2010,2.96
9/27/2010,2.94
9/28/2010,2.8
9/29/2010,2.69
9/30/2010,2.57
10/1/2010,2.51
10/2/2010,2.45
10/3/2010,2.48
10/4/2010,2.57
10/5/2010,2.94
10/6/2010,3.03
10/7/2010,3.03
10/8/2010,3.01
10/9/2010,2.97
10/10/2010,2.84
10/11/2010,2.85
10/12/2010,2.67
10/13/2010,2.57
10/14/2010,2.46
10/15/2010,2.52
10/16/2010,2.49
10/17/2010,2.52
10/18/2010,2.57
10/19/2010,2.57
10/20/2010,2.6
10/21/2010,2.66
10/22/2010,3.1
10/23/2010,8.24
10/24/2010,174
10/25/2010,53.3
10/26/2010,22.7
10/27/2010,15.2
10/28/2010,28.2
10/29/2010,54.6
10/30/2010,36.8
10/31/2010,47.3
11/1/2010,49
11/2/2010,41.3
11/3/2010,51
11/4/2010,41.7
11/5/2010,36.6
11/6/2010,30.6
11/7/2010,106
11/8/2010,47
11/9/2010,32.8
11/10/2010,29.3
11/11/2010,25.3
11/12/2010,22.5
11/13/2010,20.3
11/14/2010,26.7
11/15/2010,28
11/16/2010,22.3
11/17/2010,18
11/18/2010,16.5
11/19/2010,20.1
11/20/2010,17.6
11/21/2010,16.9
11/22/2010,16.8
11/23/2010,22.3
11/24/2010,18.4
11/25/2010,17.1
11/26/2010,17.4
11/27/2010,20.5
11/28/2010,18.1
11/29/2010,16.7
11/30/2010,16.8
12/1/2010,21.3
12/2/2010,47.7
12/3/2010,52.2
12/4/2010,47.7
12/5/2010,57
12/6/2010,116
12/7/2010,94.2
12/8/2010,97.9
12/9/2010,111
12/10/2010,157
12/11/2010,124
12/12/2010,106
12/13/2010,92.9
12/14/2010,172
12/15/2010,107
12/16/2010,84.9
12/17/2010,70.6
12/18/2010,67.7
12/19/2010,72
12/20/2010,80.1
12/21/2010,85.4
12/22/2010,111
12/23/2010,91.8
12/24/2010,75.8
12/25/2010,70.3
12/26/2010,78
12/27/2010,77.1
12/28/2010,116
12/29/2010,188
12/30/2010,112
12/31/2010,87.9
1/1/2011,72.2
1/2/2011,59
1/3/2011,50.5
1/4/2011,45.1
1/5/2011,41.5
1/6/2011,38.9
1/7/2011,37
1/8/2011,35.7
1/9/2011,34.5
1/10/2011,32.8
1/11/2011,32.2
1/12/2011,33.2
1/13/2011,63
1/14/2011,86.7
1/15/2011,87.2
1/16/2011,128
1/17/2011,145
1/18/2011,104
1/19/2011,93.3
1/20/2011,82.4
1/21/2011,76
1/22/2011,76.3
1/23/2011,68.7
1/24/2011,63.5
1/25/2011,61.5
1/26/2011,56
1/27/2011,52.3
1/28/2011,50.2
1/29/2011,47.8
1/30/2011,45.8
1/31/2011,42.3
2/1/2011,39.8
2/2/2011,37.6
2/3/2011,35.7
2/4/2011,35.1
2/5/2011,35.9
2/6/2011,36.6
2/7/2011,36.9
2/8/2011,34.6
2/9/2011,32.6
2/10/2011,31
2/11/2011,30.3
2/12/2011,30.2
2/13/2011,29.8
2/14/2011,32.4
2/15/2011,60.1
2/16/2011,85.5
2/17/2011,67.6
2/18/2011,59.3
2/19/2011,54.8
2/20/2011,50.3
2/21/2011,47.5
2/22/2011,44.9
2/23/2011,42.9
2/24/2011,41.7
2/25/2011,41
2/26/2011,39.7
2/27/2011,37.9
2/28/2011,36.7
3/1/2011,35.6
3/2/2011,52.4
3/3/2011,63.4
3/4/2011,60.3
3/5/2011,72
3/6/2011,106
3/7/2011,98.6
3/8/2011,89.1
3/9/2011,79.6
3/10/2011,86.1
3/11/2011,86
3/12/2011,78
3/13/2011,105
3/14/2011,145
3/15/2011,213
3/16/2011,289
3/17/2011,204
3/18/2011,179
3/19/2011,163
3/20/2011,217
3/21/2011,209
3/22/2011,166
3/23/2011,156
3/24/2011,199
3/25/2011,185
3/26/2011,196
3/27/2011,177
3/28/2011,147
3/29/2011,127
3/30/2011,117
3/31/2011,121
4/1/2011,130
4/2/2011,137
4/3/2011,124
4/4/2011,108
4/5/2011,109
4/6/2011,110
4/7/2011,98.5
4/8/2011,87.5
4/9/2011,79.2
4/10/2011,73.1
4/11/2011,70.1
4/12/2011,69.1
4/13/2011,69
4/14/2011,63.9
4/15/2011,73.7
4/16/2011,112
4/17/2011,160
4/18/2011,157
4/19/2011,127
4/20/2011,115
4/21/2011,111
4/22/2011,97.1
4/23/2011,96.6
4/24/2011,110
4/25/2011,111
4/26/2011,99.8
4/27/2011,93.4
4/28/2011,93.3
4/29/2011,83.8
4/30/2011,78.1
5/1/2011,77.1
5/2/2011,84.4
5/3/2011,92.1
5/4/2011,94.3
5/5/2011,113
5/6/2011,126
5/7/2011,132
5/8/2011,112
5/9/2011,95.1
5/10/2011,89.1
5/11/2011,99.5
5/12/2011,104
5/13/2011,102
5/14/2011,105
5/15/2011,86.7
5/16/2011,70.3
5/17/2011,65.4
5/18/2011,60.6
5/19/2011,58.9
5/20/2011,68.8
5/21/2011,92.9
5/22/2011,102
5/23/2011,98.2
5/24/2011,87.3
5/25/2011,106
5/26/2011,82.5
5/27/2011,78
5/28/2011,75
5/29/2011,64.3
5/30/2011,61.2
5/31/2011,70.3
6/1/2011,67.2
6/2/2011,61.2
6/3/2011,58.6
6/4/2011,60.9
6/5/2011,88.9
6/6/2011,94.7
6/7/2011,99.7
6/8/2011,108
6/9/2011,111
6/10/2011,115
6/11/2011,105
6/12/2011,108
6/13/2011,129
6/14/2011,121
6/15/2011,113
6/16/2011,99.1
6/17/2011,88.2
6/18/2011,99.4
6/19/2011,99.3
6/20/2011,100
6/21/2011,109
6/22/2011,106
6/23/2011,93.7
6/24/2011,80.4
6/25/2011,77.3
6/26/2011,74.8
6/27/2011,79.8
6/28/2011,166
6/29/2011,127
6/30/2011,71.6
7/1/2011,60.6
7/2/2011,63
7/3/2011,59.2
7/4/2011,56.1
7/5/2011,56.5
7/6/2011,57.8
7/7/2011,55.7
7/8/2011,48.7
7/9/2011,44.1
7/10/2011,38.6
7/11/2011,36
7/12/2011,33.1
7/13/2011,31.2
7/14/2011,27.8
7/15/2011,25.5
7/16/2011,29.6
7/17/2011,25.6
7/18/2011,30
7/19/2011,27.8
7/20/2011,24.9
7/21/2011,24.2
7/22/2011,24.2
7/23/2011,22.7
7/24/2011,22.8
7/25/2011,21.3
7/26/2011,19.7
7/27/2011,18.5
7/28/2011,18.1
7/29/2011,17.4
7/30/2011,17
7/31/2011,16.6
8/1/2011,15.3
8/2/2011,14
8/3/2011,12.7
8/4/2011,11.9
8/5/2011,11.4
8/6/2011,11
8/7/2011,10.6
8/8/2011,10.3
8/9/2011,9.78
8/10/2011,9.25
8/11/2011,8.82
8/12/2011,8.49
8/13/2011,7.92
8/14/2011,7.17
8/15/2011,6.85
8/16/2011,6.54
8/17/2011,6.21
8/18/2011,6.08
8/19/2011,5.92
8/20/2011,5.82
8/21/2011,5.64
8/22/2011,5.45
8/23/2011,5.34
8/24/2011,5.07
8/25/2011,4.86
8/26/2011,4.7
8/27/2011,4.48
8/28/2011,4.2
8/29/2011,4.09
8/30/2011,4.01
8/31/2011,3.8
9/1/2011,4.2
9/2/2011,3.77
9/3/2011,3.46
9/4/2011,3.24
9/5/2011,3.05
9/6/2011,2.96
9/7/2011,2.86
9/8/2011,2.8
9/9/2011,2.8
9/10/2011,2.8
9/11/2011,2.8
9/12/2011,2.8
9/13/2011,2.86
9/14/2011,2.8
9/15/2011,2.54
9/16/2011,2.69
9/17/2011,2.78
9/18/2011,2.68
9/19/2011,2.5
9/20/2011,2.43
9/21/2011,2.37
9/22/2011,2.31
9/23/2011,2.23
9/24/2011,2.2
9/25/2011,2.73
9/26/2011,3.07
9/27/2011,3.18
9/28/2011,2.98
9/29/2011,2.91
9/30/2011,2.65
10/1/2011,2.82
10/2/2011,3.23
10/3/2011,5.72
10/4/2011,11.6
10/5/2011,19.3
10/6/2011,12.1
10/7/2011,9.23
10/8/2011,9.7
10/9/2011,9.19
10/10/2011,50.8
10/11/2011,31.2
10/12/2011,15.7
10/13/2011,11.1
10/14/2011,8.84
10/15/2011,7.89
10/16/2011,7.08
10/17/2011,6.28
10/18/2011,5.91
10/19/2011,5.77
10/20/2011,5.65
10/21/2011,5.52
10/22/2011,5.26
10/23/2011,5.15
10/24/2011,5.01
10/25/2011,4.97
10/26/2011,4.93
10/27/2011,4.87
10/28/2011,4.48
10/29/2011,4.48
10/30/2011,4.48
10/31/2011,4.74
11/1/2011,4.66
11/2/2011,4.58
11/3/2011,4.58
11/4/2011,4.77
11/5/2011,5.9
11/6/2011,6.94
11/7/2011,6.2
11/8/2011,5.16
11/9/2011,5.11
11/10/2011,5.03
11/11/2011,4.78
11/12/2011,4.78
11/13/2011,4.78
11/14/2011,4.78
11/15/2011,4.74
11/16/2011,4.77
11/17/2011,4.8
11/18/2011,9.06
11/19/2011,7.9
11/20/2011,8.1
11/21/2011,7.95
11/22/2011,21
11/23/2011,28.8
11/24/2011,34.1
11/25/2011,19.7
11/26/2011,15.3
11/27/2011,16.8
11/28/2011,16.1
11/29/2011,14.3
11/30/2011,13.2
12/1/2011,11.7
12/2/2011,10.7
12/3/2011,9.95
12/4/2011,9.27
12/5/2011,8.73
12/6/2011,8.32
12/7/2011,8.21
12/8/2011,8.21
12/9/2011,8.09
12/10/2011,7.73
12/11/2011,7.59
12/12/2011,7.26
12/13/2011,7.16
12/14/2011,6.81
12/15/2011,7.85
12/16/2011,7.13
12/17/2011,7.04
12/18/2011,6.92
12/19/2011,6.8
12/20/2011,6.76
12/21/2011,6.57
12/22/2011,6.71
12/23/2011,6.75
12/24/2011,6.39
12/25/2011,6.04
12/26/2011,5.94
12/27/2011,5.94
12/28/2011,6.55
12/29/2011,31.2
12/30/2011,112
12/31/2011,37.2
1/1/2012,20.1
1/2/2012,15.3
1/3/2012,13
1/4/2012,11.5
1/5/2012,10.9
1/6/2012,10.5
1/7/2012,9.57
1/8/2012,9.05
1/9/2012,8.62
1/10/2012,8.24
1/11/2012,7.99
1/12/2012,7.72
1/13/2012,7.34
1/14/2012,7.26
1/15/2012,7.12
1/16/2012,7.27
1/17/2012,10.6
1/18/2012,10.2
1/19/2012,21.5
1/20/2012,45.4
1/21/2012,72.4
1/22/2012,37.5
1/23/2012,29.7
1/24/2012,25.5
1/25/2012,55.2
1/26/2012,128
1/27/2012,83.4
1/28/2012,51.7
1/29/2012,41.4
1/30/2012,39.7
1/31/2012,39.5
2/1/2012,45.8
2/2/2012,45.8
2/3/2012,42.6
2/4/2012,38.6
2/5/2012,35.6
2/6/2012,33.3
2/7/2012,38.8
2/8/2012,52.7
2/9/2012,51.8
2/10/2012,55.3
2/11/2012,60.4
2/12/2012,50.7
2/13/2012,46
2/14/2012,40.3
2/15/2012,35.3
2/16/2012,31.7
2/17/2012,29.6
2/18/2012,29.8
2/19/2012,26.9
2/20/2012,25.2
2/21/2012,23.8
2/22/2012,25.9
2/23/2012,28.4
2/24/2012,26.2
2/25/2012,26.7
2/26/2012,23.8
2/27/2012,22
2/28/2012,21
2/29/2012,23.3
3/1/2012,23
3/2/2012,20.7
3/3/2012,20.7
3/4/2012,23.3
3/5/2012,28.5
3/6/2012,29.5
3/7/2012,26.5
3/8/2012,25.6
3/9/2012,26.1
3/10/2012,27.9
3/11/2012,29
3/12/2012,27.4
3/13/2012,46.8
3/14/2012,46.8
3/15/2012,92.2
3/16/2012,210
3/17/2012,175
3/18/2012,121
3/19/2012,95.1
3/20/2012,84.2
3/21/2012,98
3/22/2012,107
3/23/2012,89.2
3/24/2012,87.5
3/25/2012,96.1
3/26/2012,101
3/27/2012,198
3/28/2012,293
3/29/2012,192
3/30/2012,472
3/31/2012,411
4/1/2012,272
4/2/2012,175
4/3/2012,135
4/4/2012,120
4/5/2012,105
4/6/2012,89.6
4/7/2012,80.3
4/8/2012,71.3
4/9/2012,67.4
4/10/2012,69.3
4/11/2012,81.5
4/12/2012,86.7
4/13/2012,104
4/14/2012,97.2
4/15/2012,89.5
4/16/2012,92.4
4/17/2012,96
4/18/2012,97.5
4/19/2012,134
4/20/2012,151
4/21/2012,158
4/22/2012,196
4/23/2012,229
4/24/2012,188
4/25/2012,155
4/26/2012,161
4/27/2012,108
4/28/2012,99
4/29/2012,107
4/30/2012,120
5/1/2012,108
5/2/2012,89.2
5/3/2012,88
5/4/2012,86.3
5/5/2012,72.5
5/6/2012,68.7
5/7/2012,74.9
5/8/2012,86.8
5/9/2012,97.6
5/10/2012,85.7
5/11/2012,77.8
5/12/2012,85.1
5/13/2012,94.8
5/14/2012,97.2
5/15/2012,111
5/16/2012,93.7
5/17/2012,73.8
5/18/2012,61.4
5/19/2012,61.2
5/20/2012,72.4
5/21/2012,70.3
5/22/2012,61.8
5/23/2012,50.2
5/24/2012,44.1
5/25/2012,37.8
5/26/2012,32.5
5/27/2012,32.2
5/28/2012,35.6
5/29/2012,38.7
5/30/2012,42.9
5/31/2012,49.6
6/1/2012,54.6
6/2/2012,52.3
6/3/2012,39
6/4/2012,40
6/5/2012,32.1
6/6/2012,23.9
6/7/2012,23.4
6/8/2012,22.7
6/9/2012,21.4
6/10/2012,19
6/11/2012,19.5
6/12/2012,22.9
6/13/2012,23.9
6/14/2012,21.9
6/15/2012,20.6
6/16/2012,19
6/17/2012,19
6/18/2012,18.7
6/19/2012,15
6/20/2012,13.1
6/21/2012,12.6
6/22/2012,15
6/23/2012,22.7
6/24/2012,17.3
6/25/2012,14.1
6/26/2012,12.4
6/27/2012,11.4
6/28/2012,11
6/29/2012,10.8
6/30/2012,10.9
7/1/2012,10.7
7/2/2012,9.97
7/3/2012,9.39
7/4/2012,8.75
7/5/2012,8.15
7/6/2012,7.81
7/7/2012,7.37
7/8/2012,6.88
7/9/2012,6.58
7/10/2012,6.3
7/11/2012,6.01
7/12/2012,5.72
7/13/2012,5.58
7/14/2012,5.32
7/15/2012,5.1
7/16/2012,4.91
7/17/2012,6.41
7/18/2012,7.34
7/19/2012,6.28
7/20/2012,5.57
7/21/2012,5.2
7/22/2012,4.79
7/23/2012,4.43
7/24/2012,4.17
7/25/2012,3.98
7/26/2012,3.91
7/27/2012,3.8
7/28/2012,3.66
7/29/2012,3.59
7/30/2012,3.52
7/31/2012,3.33
8/1/2012,3.18
8/2/2012,3.07
8/3/2012,2.9
8/4/2012,2.79
8/5/2012,2.7
8/6/2012,2.62
8/7/2012,2.55
8/8/2012,2.47
8/9/2012,2.4
8/10/2012,2.32
8/11/2012,2.25
8/12/2012,2.1
8/13/2012,1.96
8/14/2012,1.96
8/15/2012,2.07
8/16/2012,2.21
8/17/2012,2.05
8/18/2012,1.8
8/19/2012,1.75
8/20/2012,1.73
8/21/2012,1.69
8/22/2012,1.69
8/23/2012,1.7
8/24/2012,1.7
8/25/2012,1.71
8/26/2012,1.69
8/27/2012,1.69
8/28/2012,1.78
8/29/2012,1.89
8/30/2012,1.77
8/31/2012,1.62
9/1/2012,1.58
9/2/2012,1.58
9/3/2012,1.6
9/4/2012,1.51
9/5/2012,1.44
9/6/2012,1.4
9/7/2012,1.42
9/8/2012,1.46
9/9/2012,1.48
9/10/2012,1.51
9/11/2012,1.44
9/12/2012,1.38
9/13/2012,1.33
9/14/2012,1.24
9/15/2012,1.23
9/16/2012,1.28
9/17/2012,1.29
9/18/2012,1.26
9/19/2012,1.18
9/20/2012,1.17
9/21/2012,1.17
9/22/2012,1.19
9/23/2012,1.22
9/24/2012,1.23
9/25/2012,1.3
9/26/2012,1.32
9/27/2012,1.18
9/28/2012,1.14
9/29/2012,1.08
9/30/2012,1.08
10/1/2012,0.99
10/2/2012,0.96
10/3/2012,0.95
10/4/2012,0.98
10/5/2012,0.92
10/6/2012,1.08
10/7/2012,1.19
10/8/2012,1.27
10/9/2012,1.37
10/10/2012,1.41
10/11/2012,1.43
10/12/2012,1.46
10/13/2012,1.4
10/14/2012,1.47
10/15/2012,1.5
10/16/2012,1.45
10/17/2012,1.62
10/18/2012,2.82
10/19/2012,2.01
10/20/2012,1.89
10/21/2012,1.82
10/22/2012,2.93
10/23/2012,3.24
10/24/2012,3.83
10/25/2012,3.71
10/26/2012,3.32
10/27/2012,3.38
10/28/2012,4.23
10/29/2012,4.28
10/30/2012,4.07
10/31/2012,5.16
11/1/2012,14.9
11/2/2012,6.83
11/3/2012,4.35
11/4/2012,4.39
11/5/2012,4.21
11/6/2012,4.02
11/7/2012,3.9
11/8/2012,3.94
11/9/2012,3.99
11/10/2012,4.03
11/11/2012,3.9
11/12/2012,4.16
11/13/2012,4.34
11/14/2012,6.1
11/15/2012,6.07
11/16/2012,5.37
11/17/2012,19.3
11/18/2012,19.4
11/19/2012,17.2
11/20/2012,189
11/21/2012,82.8
11/22/2012,32.9
11/23/2012,20.4
11/24/2012,15.5
11/25/2012,13.3
11/26/2012,11.5
11/27/2012,9.82
11/28/2012,16.7
11/29/2012,147
11/30/2012,273
12/1/2012,162
12/2/2012,526
12/3/2012,180
12/4/2012,285
12/5/2012,407
12/6/2012,197
12/7/2012,126
12/8/2012,85.8
12/9/2012,63.8
12/10/2012,51.1
12/11/2012,42
12/12/2012,35.2
12/13/2012,30.1
12/14/2012,27
12/15/2012,25.3
12/16/2012,26.3
12/17/2012,44.1
12/18/2012,37.3
12/19/2012,31.9
12/20/2012,31.8
12/21/2012,33.7
12/22/2012,42.3
12/23/2012,70.2
12/24/2012,73.4
12/25/2012,61.5
12/26/2012,56.8
12/27/2012,49.3
12/28/2012,43.9
12/29/2012,39
12/30/2012,34.8
12/31/2012,32
1/1/2013,29.9
1/2/2013,28.4
1/3/2013,27.4
1/4/2013,26.4
1/5/2013,27.2
1/6/2013,31.6
1/7/2013,31.9
1/8/2013,36.4
1/9/2013,43
1/10/2013,45.8
1/11/2013,43.4
1/12/2013,40
1/13/2013,35.6
1/14/2013,32.3
1/15/2013,30
1/16/2013,28.8
1/17/2013,29.7
1/18/2013,33.4
1/19/2013,36.2
1/20/2013,37
1/21/2013,38.5
1/22/2013,41.2
1/23/2013,51.3
1/24/2013,126
1/25/2013,139
1/26/2013,153
1/27/2013,125
1/28/2013,101
1/29/2013,84.1
1/30/2013,72.4
1/31/2013,65.2
2/1/2013,59.6
2/2/2013,56.6
2/3/2013,55.4
2/4/2013,54.9
2/5/2013,55.7
2/6/2013,53.6
2/7/2013,52.6
2/8/2013,47.7
2/9/2013,42.9
2/10/2013,38.9
2/11/2013,35.2
2/12/2013,33.3
2/13/2013,31.5
2/14/2013,31.8
2/15/2013,32.9
2/16/2013,34.2
2/17/2013,34.5
2/18/2013,32.7
2/19/2013,32.1
2/20/2013,29.6
2/21/2013,27.8
2/22/2013,26.5
2/23/2013,26.1
2/24/2013,24.8
2/25/2013,23.9
2/26/2013,23.1
2/27/2013,22.3
2/28/2013,23.2
3/1/2013,26.4
3/2/2013,27.8
3/3/2013,29.4
3/4/2013,29.4
3/5/2013,30.8
3/6/2013,42.2
3/7/2013,33
3/8/2013,29.3
3/9/2013,27.1
3/10/2013,26.1
3/11/2013,25.8
3/12/2013,29.8
3/13/2013,33.3
3/14/2013,37
3/15/2013,36.7
3/16/2013,35.8
3/17/2013,32.1
3/18/2013,28.3
3/19/2013,26.9
3/20/2013,68.3
3/21/2013,50.7
3/22/2013,34.6
3/23/2013,28.9
3/24/2013,26.6
3/25/2013,26.8
3/26/2013,25.3
3/27/2013,27.1
3/28/2013,30.1
3/29/2013,30.5
3/30/2013,31.7
3/31/2013,86.3
4/1/2013,53.6
4/2/2013,43.5
4/3/2013,41.8
4/4/2013,180
4/5/2013,161
4/6/2013,122
4/7/2013,112
4/8/2013,87
4/9/2013,68.3
4/10/2013,70.6
4/11/2013,79.4
4/12/2013,63
4/13/2013,60.1
4/14/2013,51.3
4/15/2013,42.4
4/16/2013,35.1
4/17/2013,31.3
4/18/2013,29.7
4/19/2013,33.1
4/20/2013,37.5
4/21/2013,38.4
4/22/2013,42.3
4/23/2013,37
4/24/2013,33.4
4/25/2013,31.8
4/26/2013,36.8
4/27/2013,48.9
4/28/2013,49.4
4/29/2013,45.6
4/30/2013,38.5
5/1/2013,26.7
5/2/2013,23.8
5/3/2013,27.7
5/4/2013,30.4
5/5/2013,30.2
5/6/2013,29.1
5/7/2013,30.7
5/8/2013,32.4
5/9/2013,37.1
5/10/2013,37.1
5/11/2013,40.2
5/12/2013,37.9
5/13/2013,33.7
5/14/2013,28.5
5/15/2013,24
5/16/2013,21.4
5/17/2013,18
5/18/2013,16
5/19/2013,15.3
5/20/2013,14.7
5/21/2013,15.2
5/22/2013,13.8
5/23/2013,12.4
5/24/2013,11.6
5/25/2013,11.3
5/26/2013,11.2
5/27/2013,20.9
5/28/2013,36
5/29/2013,18.9
5/30/2013,15.5
5/31/2013,13.3
6/1/2013,12.4
6/2/2013,12.9
6/3/2013,11.9
6/4/2013,10.9
6/5/2013,10.7
6/6/2013,10.3
6/7/2013,9.2
6/8/2013,8.64
6/9/2013,8.05
6/10/2013,7.77
6/11/2013,7.49
6/12/2013,6.69
6/13/2013,6.28
6/14/2013,5.87
6/15/2013,5.45
6/16/2013,5.1
6/17/2013,4.97
6/18/2013,5.08
6/19/2013,5.16
6/20/2013,5.15
6/21/2013,4.94
6/22/2013,4.41
6/23/2013,4.62
6/24/2013,6.12
6/25/2013,14.3
6/26/2013,27.6
6/27/2013,14.2
6/28/2013,8.68
6/29/2013,6.57
6/30/2013,5.63
7/1/2013,5.24
7/2/2013,4.67
7/3/2013,4.48
7/4/2013,4.8
7/5/2013,4.03
7/6/2013,3.81
7/7/2013,3.67
7/8/2013,3.44
7/9/2013,3.14
7/10/2013,3.05
7/11/2013,2.94
7/12/2013,2.93
7/13/2013,2.81
7/14/2013,2.6
7/15/2013,2.39
7/16/2013,2.33
7/17/2013,2.27
7/18/2013,2.16
7/19/2013,2.11
7/20/2013,1.9
7/21/2013,1.78
7/22/2013,1.66
7/23/2013,1.62
7/24/2013,1.61
7/25/2013,1.58
7/26/2013,1.52
7/27/2013,1.53
7/28/2013,1.44
7/29/2013,1.34
7/30/2013,1.44
7/31/2013,1.44
8/1/2013,1.45
8/2/2013,1.49
8/3/2013,1.5
8/4/2013,1.5
8/5/2013,1.45
8/6/2013,1.4
8/7/2013,1.62
8/8/2013,1.53
8/9/2013,1.42
8/10/2013,1.53
8/11/2013,1.78
8/12/2013,1.69
8/13/2013,1.65
8/14/2013,1.32
8/15/2013,1.32
8/16/2013,1.26
8/17/2013,1.27
8/18/2013,1.25
8/19/2013,1.34
8/20/2013,1.24
8/21/2013,1.52
8/22/2013,1.43
8/23/2013,1.59
8/24/2013,1.45
8/25/2013,1.69
8/26/2013,2.19
8/27/2013,2.11
8/28/2013,1.96
8/29/2013,1.83
8/30/2013,1.73
8/31/2013,1.65
9/1/2013,1.48
9/2/2013,1.4
9/3/2013,1.41
9/4/2013,1.45
9/5/2013,1.4
9/6/2013,1.45
9/7/2013,1.49
9/8/2013,1.34
9/9/2013,1.26
9/10/2013,1.2
9/11/2013,1.14
9/12/2013,1.13
9/13/2013,1.03
9/14/2013,0.91
9/15/2013,0.87
9/16/2013,0.85
9/17/2013,0.87
9/18/2013,0.87
9/19/2013,0.93
9/20/2013,0.9
9/21/2013,1.57
9/22/2013,1.49
9/23/2013,1.9
9/24/2013,1.48
9/25/2013,1.49
9/26/2013,1.34
9/27/2013,1.34
9/28/2013,1.17
9/29/2013,2.55
9/30/2013,87.3
10/1/2013,16.9
10/2/2013,8.85
10/3/2013,6.94
10/4/2013,5.45
10/5/2013,4.86
10/6/2013,4.31
10/7/2013,4.04
10/8/2013,3.98
10/9/2013,3.72
10/10/2013,3.65
10/11/2013,3.53
10/12/2013,3.63
10/13/2013,3.89
10/14/2013,3.97
10/15/2013,3.82
10/16/2013,3.83
10/17/2013,3.63
10/18/2013,3.59
10/19/2013,3.39
10/20/2013,3.2
10/21/2013,3.12
10/22/2013,2.96
10/23/2013,2.95
10/24/2013,2.83
10/25/2013,2.87
10/26/2013,2.9
10/27/2013,3.26
10/28/2013,4.43
10/29/2013,4.67
10/30/2013,4.78
10/31/2013,5.02
11/1/2013,5.03
11/2/2013,4.86
11/3/2013,4.99
11/4/2013,5.06
11/5/2013,5.1
11/6/2013,5.1
11/7/2013,5.06
11/8/2013,4.91
11/9/2013,4.78
11/10/2013,4.79
11/11/2013,4.63
11/12/2013,4.18
11/13/2013,4.21
11/14/2013,4.18
11/15/2013,4.19
11/16/2013,4.22
11/17/2013,4.33
11/18/2013,4.74
11/19/2013,13.2
11/20/2013,13.3
11/21/2013,13.6
11/22/2013,6.68
11/23/2013,5.05
11/24/2013,4.37
11/25/2013,4.09
11/26/2013,3.9
11/27/2013,3.88
11/28/2013,3.64
11/29/2013,3.86
11/30/2013,3.88
12/1/2013,3.9
12/2/2013,3.9
12/3/2013,3.95
12/4/2013,4.42
12/5/2013,4.18
12/6/2013,4.51
12/7/2013,4.66
12/8/2013,4.36
12/9/2013,4.54
12/10/2013,4.32
12/11/2013,4.19
12/12/2013,4.18
12/13/2013,4.17
12/14/2013,4.17
12/15/2013,4.15
12/16/2013,4.18
12/17/2013,4.12
12/18/2013,4.18
12/19/2013,4.15
12/20/2013,4.17
12/21/2013,3.98
12/22/2013,3.98
12/23/2013,3.93
12/24/2013,3.9
12/25/2013,3.9
12/26/2013,3.9
12/27/2013,3.9
12/28/2013,3.9
12/29/2013,4
12/30/2013,3.83
12/31/2013,3.78
1/1/2014,3.83
1/2/2014,3.73
1/3/2014,3.77
1/4/2014,3.74
1/5/2014,3.87
1/6/2014,3.72
1/7/2014,3.8
1/8/2014,3.82
1/9/2014,3.89
1/10/2014,3.9
1/11/2014,4.61
1/12/2014,5.83
1/13/2014,4.66
1/14/2014,4.25
1/15/2014,4.18
1/16/2014,4.04
1/17/2014,3.99
1/18/2014,3.9
1/19/2014,3.9
1/20/2014,3.9
1/21/2014,3.85
1/22/2014,3.79
1/23/2014,3.77
1/24/2014,3.64
1/25/2014,3.64
1/26/2014,3.63
1/27/2014,3.63
1/28/2014,3.63
1/29/2014,41.6
1/30/2014,18.6
1/31/2014,10.3
2/1/2014,8.42
2/2/2014,7.53
2/3/2014,7.1
2/4/2014,6.73
2/5/2014,6.47
2/6/2014,6.85
2/7/2014,8.82
2/8/2014,20.4
2/9/2014,38.6
2/10/2014,39.5
2/11/2014,17.3
2/12/2014,33.7
2/13/2014,146
2/14/2014,137
2/15/2014,119
2/16/2014,87
2/17/2014,51.5
2/18/2014,40.2
2/19/2014,40.2
2/20/2014,34.2
2/21/2014,30
2/22/2014,29
2/23/2014,28
2/24/2014,26
2/25/2014,25.2
2/26/2014,30
2/27/2014,66.5
2/28/2014,54.6
3/1/2014,51.4
3/2/2014,68.7
3/3/2014,184
3/4/2014,127
3/5/2014,164
3/6/2014,184
3/7/2014,98.5
3/8/2014,74.6
3/9/2014,224
3/10/2014,300
3/11/2014,126
3/12/2014,86.8
3/13/2014,67.8
3/14/2014,54.8
3/15/2014,46.9
3/16/2014,41.8
3/17/2014,37.9
3/18/2014,33
3/19/2014,28.4
3/20/2014,26.1
3/21/2014,24.1
3/22/2014,22.7
3/23/2014,20.8
3/24/2014,19.1
3/25/2014,20.5
3/26/2014,23.3
3/27/2014,20.7
3/28/2014,43.5
3/29/2014,161
3/30/2014,79.1
3/31/2014,62.9
4/1/2014,55.1
4/2/2014,47.5
4/3/2014,44.9
4/4/2014,41
4/5/2014,38.1
4/6/2014,39.1
4/7/2014,43.3
4/8/2014,48.6
4/9/2014,53.5
4/10/2014,49.5
4/11/2014,48.7
4/12/2014,47.1
4/13/2014,40.5
4/14/2014,32.8
4/15/2014,31.2
4/16/2014,28.7
4/17/2014,29.8
4/18/2014,28.9
4/19/2014,22.9
4/20/2014,20.4
4/21/2014,19.7
4/22/2014,17.3
4/23/2014,15.5
4/24/2014,19.1
4/25/2014,18.3
4/26/2014,15.1
4/27/2014,14.4
4/28/2014,13.8
4/29/2014,13
4/30/2014,15.2
5/1/2014,18
5/2/2014,19.7
5/3/2014,18.6
5/4/2014,17.3
5/5/2014,15.6
5/6/2014,13
5/7/2014,11.7
5/8/2014,12.6
5/9/2014,23.7
5/10/2014,14.7
5/11/2014,11.8
5/12/2014,11.1
5/13/2014,11.1
5/14/2014,12.1
5/15/2014,13.4
5/16/2014,12.7
5/17/2014,10.7
5/18/2014,9.9
5/19/2014,9.75
5/20/2014,9.5
5/21/2014,8.46
5/22/2014,8.05
5/23/2014,8.19
5/24/2014,8.39
5/25/2014,7.65
5/26/2014,7.25
5/27/2014,6.67
5/28/2014,6.05
5/29/2014,5.57
5/30/2014,5.04
5/31/2014,4.7
6/1/2014,4.47
6/2/2014,4.35
6/3/2014,4.4
6/4/2014,4.17
6/5/2014,3.88
6/6/2014,3.55
6/7/2014,3.34
6/8/2014,3.17
6/9/2014,3
6/10/2014,2.86
6/11/2014,2.63
6/12/2014,2.43
6/13/2014,2.53
6/14/2014,2.74
6/15/2014,2.63
6/16/2014,2.61
6/17/2014,2.66
6/18/2014,2.54
6/19/2014,2.34
6/20/2014,2.21
6/21/2014,2.07
6/22/2014,1.97
6/23/2014,1.85
6/24/2014,1.8
6/25/2014,1.93
6/26/2014,2.21
6/27/2014,2.2
6/28/2014,2.04
6/29/2014,1.89
6/30/2014,1.71
7/1/2014,1.52
7/2/2014,1.31
7/3/2014,1.21
7/4/2014,1.07
7/5/2014,1.06
7/6/2014,0.89
7/7/2014,0.95
7/8/2014,0.82
7/9/2014,1.05
7/10/2014,0.92
7/11/2014,0.77
7/12/2014,0.86
7/13/2014,0.72
7/14/2014,0.65
7/15/2014,0.63
7/16/2014,0.46
7/17/2014,0.5
7/18/2014,0.46
7/19/2014,0.46
7/20/2014,0.42
7/21/2014,0.47
7/22/2014,0.63
7/23/2014,0.73
7/24/2014,0.92
7/25/2014,0.8
7/26/2014,0.7
7/27/2014,0.75
7/28/2014,0.68
7/29/2014,0.56
7/30/2014,0.51
7/31/2014,0.32
8/1/2014,0.28
8/2/2014,0.26
8/3/2014,0.23
8/4/2014,0.36
8/5/2014,0.4
8/6/2014,0.58
8/7/2014,0.35
8/8/2014,0.4
8/9/2014,0.5
8/10/2014,0.47
8/11/2014,0.38
8/12/2014,0.21
8/13/2014,0.36
8/14/2014,0.37
8/15/2014,0.37
8/16/2014,0.21
8/17/2014,0.34
8/18/2014,0.32
8/19/2014,0.31
8/20/2014,0.29
8/21/2014,0.29
8/22/2014,0.29
8/23/2014,0.33
8/24/2014,0.26
8/25/2014,0.25
8/26/2014,0.4
8/27/2014,0.37
8/28/2014,0.27
8/29/2014,0.23
8/30/2014,0.31
8/31/2014,0.1
9/1/2014,0.14
9/2/2014,0.26
9/3/2014,0.24
9/4/2014,0.23
9/5/2014,0.25
9/6/2014,0.25
9/7/2014,0.22
9/8/2014,0.26
9/9/2014,0.28
9/10/2014,0.29
9/11/2014,0.27
9/12/2014,0.24
9/13/2014,0.24
9/14/2014,0.24
9/15/2014,0.22
9/16/2014,0.23
9/17/2014,0.24
9/18/2014,0.32
9/19/2014,0.48
9/20/2014,0.43
9/21/2014,0.44
9/22/2014,0.55
9/23/2014,0.58
9/24/2014,0.98
9/25/2014,2.43
9/26/2014,3.88
9/27/2014,2.69
9/28/2014,2.11
9/29/2014,1.84
9/30/2014,1.68
10/1/2014,1.55
10/2/2014,1.5
10/3/2014,1.41
10/4/2014,1.33
10/5/2014,1.17
10/6/2014,1.14
10/7/2014,1.21
10/8/2014,1.34
10/9/2014,1.42
10/10/2014,1.45
10/11/2014,1.53
10/12/2014,1.7
10/13/2014,1.73
10/14/2014,1.81
10/15/2014,2.63
10/16/2014,3.5
10/17/2014,3.51
10/18/2014,3.08
10/19/2014,2.77
10/20/2014,3.36
10/21/2014,8.94
10/22/2014,5.1
10/23/2014,67.2
10/24/2014,57.6
10/25/2014,64.1
10/26/2014,42.4
10/27/2014,14.8
10/28/2014,9.27
10/29/2014,7.22
10/30/2014,6.31
10/31/2014,14.1
11/1/2014,15.2
11/2/2014,9.44
11/3/2014,7.43
11/4/2014,6.44
11/5/2014,6.05
11/6/2014,5.81
11/7/2014,5.7
11/8/2014,5.37
11/9/2014,4.93
11/10/2014,4.73
11/11/2014,4.56
11/12/2014,4.48
11/13/2014,7.64
11/14/2014,10.4
11/15/2014,9.15
11/16/2014,7.47
11/17/2014,6.64
11/18/2014,6.22
11/19/2014,7.44
11/20/2014,10.2
11/21/2014,13.3
11/22/2014,141
11/23/2014,40.4
11/24/2014,21.7
11/25/2014,16.1
11/26/2014,13.8
11/27/2014,12.3
11/28/2014,11.9
11/29/2014,40.9
11/30/2014,41.9
12/1/2014,37
12/2/2014,39.8
12/3/2014,101
12/4/2014,102
12/5/2014,72.3
12/6/2014,118
12/7/2014,50.4
12/8/2014,111
12/9/2014,83.8
12/10/2014,94.4
12/11/2014,398
12/12/2014,166
12/13/2014,95.6
12/14/2014,69.9
12/15/2014,60.7
12/16/2014,57
12/17/2014,64.9
12/18/2014,75.6
12/19/2014,136
12/20/2014,192
12/21/2014,297
12/22/2014,199
12/23/2014,127
12/24/2014,109
12/25/2014,88.7
12/26/2014,71
12/27/2014,60.1
12/28/2014,52.7
12/29/2014,47
12/30/2014,42.1
12/31/2014,38.1
1/1/2015,35.4
1/2/2015,32.9
1/3/2015,30.7
1/4/2015,28.9
1/5/2015,27.6
1/6/2015,27.8
1/7/2015,28
1/8/2015,27.5
1/9/2015,26.6
1/10/2015,25.2
1/11/2015,24.2
1/12/2015,23.5
1/13/2015,22.8
1/14/2015,21.4
1/15/2015,20.2
1/16/2015,54.6
1/17/2015,68.3
1/18/2015,152
1/19/2015,72.9
1/20/2015,53.4
1/21/2015,46.9
1/22/2015,42.2
1/23/2015,38.7
1/24/2015,36.3
1/25/2015,35.3
1/26/2015,34.8
1/27/2015,32.4
1/28/2015,30.2
1/29/2015,28.3
1/30/2015,26.8
1/31/2015,25.1
2/1/2015,23.9
2/2/2015,70.5
2/3/2015,62.9
2/4/2015,42.7
2/5/2015,63.1
2/6/2015,654
2/7/2015,640
2/8/2015,308
2/9/2015,394
2/10/2015,264
2/11/2015,183
2/12/2015,138
2/13/2015,109
2/14/2015,88.7
2/15/2015,73.3
2/16/2015,61.5
2/17/2015,53.6
2/18/2015,47.4
2/19/2015,42.6
2/20/2015,38.5
2/21/2015,35
2/22/2015,32.1
2/23/2015,29.5
2/24/2015,27.3
2/25/2015,25.7
2/26/2015,24.2
2/27/2015,23.3
2/28/2015,22.2
3/1/2015,20.9
3/2/2015,19.9
3/3/2015,19
3/4/2015,18.1
3/5/2015,17.1
3/6/2015,16.3
3/7/2015,15.8
3/8/2015,15.7
3/9/2015,15.4
3/10/2015,15
3/11/2015,16.4
3/12/2015,17.5
3/13/2015,15.7
3/14/2015,16.2
3/15/2015,20.4
3/16/2015,25.6
3/17/2015,18.8
3/18/2015,16.3
3/19/2015,15.4
3/20/2015,14.3
3/21/2015,14
3/22/2015,14.4
3/23/2015,17.3
3/24/2015,21.2
3/25/2015,23.4
3/26/2015,26.5
3/27/2015,25.6
3/28/2015,21.5
3/29/2015,16.8
3/30/2015,15.6
3/31/2015,15.3
4/1/2015,14.9
4/2/2015,13.7
4/3/2015,12.3
4/4/2015,11.8
4/5/2015,12.3
4/6/2015,12.1
4/7/2015,14.9
4/8/2015,13.7
4/9/2015,13.2
4/10/2015,14.6
4/11/2015,16.2
4/12/2015,16.4
4/13/2015,18.5
4/14/2015,18
4/15/2015,15.3
4/16/2015,14.6
4/17/2015,14.4
4/18/2015,15.1
4/19/2015,15.4
4/20/2015,14.9
4/21/2015,14.7
4/22/2015,14
4/23/2015,13.6
4/24/2015,12.8
4/25/2015,11.8
4/26/2015,10.9
4/27/2015,10.2
4/28/2015,10.3
4/29/2015,10.9
4/30/2015,10.5
5/1/2015,9.5
5/2/2015,8.99
5/3/2015,8.8
5/4/2015,8.63
5/5/2015,8.38
5/6/2015,8.07
5/7/2015,8.81
5/8/2015,7.79
5/9/2015,7.06
5/10/2015,6.56
5/11/2015,6.58
5/12/2015,6.67
5/13/2015,7.69
5/14/2015,7.42
5/15/2015,7.12
5/16/2015,7.07
5/17/2015,8.53
5/18/2015,7.66
5/19/2015,7.15
5/20/2015,7.84
5/21/2015,11.7
5/22/2015,9.24
5/23/2015,8.37
5/24/2015,7.22
5/25/2015,6.41
5/26/2015,5.88
5/27/2015,5.5
5/28/2015,5.18
5/29/2015,4.87
5/30/2015,4.62
5/31/2015,4.48
6/1/2015,4.71
6/2/2015,5.73
6/3/2015,5.23
6/4/2015,4.85
6/5/2015,4.51
6/6/2015,4.03
6/7/2015,3.68
6/8/2015,3.37
6/9/2015,3.23
6/10/2015,3.28
6/11/2015,3.1
6/12/2015,2.83
6/13/2015,2.59
6/14/2015,2.45
6/15/2015,2.34
6/16/2015,2.25
6/17/2015,2.15
6/18/2015,2.07
6/19/2015,1.95
6/20/2015,1.93
6/21/2015,1.9
6/22/2015,1.85
6/23/2015,1.75
6/24/2015,1.71
6/25/2015,1.59
6/26/2015,1.48
6/27/2015,1.37
6/28/2015,1.39
6/29/2015,1.38
6/30/2015,1.21
7/1/2015,1
7/2/2015,0.92
7/3/2015,0.9
7/4/2015,1.04
7/5/2015,1.01
7/6/2015,1
7/7/2015,0.98
7/8/2015,1.87
7/9/2015,2.81
7/10/2015,2.86
7/11/2015,2.82
7/12/2015,2.59
7/13/2015,2.2
7/14/2015,1.91
7/15/2015,1.68
7/16/2015,1.51
7/17/2015,1.33
7/18/2015,1.25
7/19/2015,1.19
7/20/2015,1.03
7/21/2015,1.15
7/22/2015,1.46
7/23/2015,0.89
7/24/2015,0.74
7/25/2015,0.65
7/26/2015,0.6
7/27/2015,0.59
7/28/2015,0.57
7/29/2015,0.44
7/30/2015,0.4
7/31/2015,0.38
8/1/2015,0.31
8/2/2015,0.36
8/3/2015,0.42
8/4/2015,0.39
8/5/2015,0.46
8/6/2015,0.45
8/7/2015,0.38
8/8/2015,0.41
8/9/2015,0.49
8/10/2015,0.47
8/11/2015,0.48
8/12/2015,0.42
8/13/2015,0.4
8/14/2015,0.4
8/15/2015,0.44
8/16/2015,0.39
8/17/2015,0.35
8/18/2015,0.36
8/19/2015,0.43
8/20/2015,0.47
8/21/2015,0.4
8/22/2015,0.36
8/23/2015,0.34
8/24/2015,0.36
8/25/2015,0.38
8/26/2015,0.27
8/27/2015,0.27
8/28/2015,0.27
8/29/2015,0.36
8/30/2015,0.46
8/31/2015,0.52
9/1/2015,0.57
9/2/2015,0.64
9/3/2015,0.62
9/4/2015,0.73
9/5/2015,0.9
9/6/2015,0.87
9/7/2015,0.85
9/8/2015,0.71
9/9/2015,0.62
9/10/2015,0.58
9/11/2015,0.56
9/12/2015,0.6
9/13/2015,0.56
9/14/2015,0.66
9/15/2015,1.16
9/16/2015,1.49
9/17/2015,1.54
9/18/2015,1.99
9/19/2015,1.82
9/20/2015,1.56
9/21/2015,1.27
9/22/2015,1.19
9/23/2015,1.13
9/24/2015,1.04
9/25/2015,1.01
9/26/2015,1.04
9/27/2015,1.16
9/28/2015,1.11
9/29/2015,1.24
9/30/2015,1.21
10/1/2015,1.29
10/2/2015,1.31
10/3/2015,1.33
10/4/2015,1.41
10/5/2015,1.35
10/6/2015,1.31
10/7/2015,1.28
10/8/2015,1.05
10/9/2015,1.22
10/10/2015,1.28
10/11/2015,1.31
10/12/2015,1.41
10/13/2015,1.2
10/14/2015,1.27
10/15/2015,1.36
10/16/2015,1.29
10/17/2015,1.69
10/18/2015,1.87
10/19/2015,1.89
10/20/2015,2.09
10/21/2015,2
10/22/2015,1.92
10/23/2015,2.02
10/24/2015,2.01
10/25/2015,1.97
10/26/2015,2.04
10/27/2015,2.17
10/28/2015,2.95
10/29/2015,3.27
10/30/2015,3.63
10/31/2015,3.2
11/1/2015,3.09
11/2/2015,3.26
11/3/2015,4.37
11/4/2015,3.71
11/5/2015,3.33
11/6/2015,3.15
11/7/2015,3.07
11/8/2015,3.87
11/9/2015,4.51
11/10/2015,4.81
11/11/2015,4.09
11/12/2015,3.43
11/13/2015,3.15
11/14/2015,2.95
11/15/2015,3.41
11/16/2015,4.31
11/17/2015,4.2
11/18/2015,3.63
11/19/2015,4.17
11/20/2015,4.55
11/21/2015,4.99
11/22/2015,4.28
11/23/2015,3.64
11/24/2015,3.88
11/25/2015,3.42
11/26/2015,3.27
11/27/2015,3.12
11/28/2015,2.76
11/29/2015,2.66
11/30/2015,2.66
12/1/2015,2.65
12/2/2015,3.78
12/3/2015,13.9
12/4/2015,9.26
12/5/2015,3.71
12/6/2015,11.6
12/7/2015,11.5
12/8/2015,60.9
12/9/2015,79.5
12/10/2015,123
12/11/2015,35
12/12/2015,20.9
12/13/2015,48.1
12/14/2015,25.9
12/15/2015,16.7
12/16/2015,13.1
12/17/2015,14.1
12/18/2015,38.2
12/19/2015,31.5
12/20/2015,22.9
12/21/2015,47.6
12/22/2015,100
12/23/2015,63.7
12/24/2015,42.4
12/25/2015,30.2
12/26/2015,23.5
12/27/2015,20.3
12/28/2015,18.2
12/29/2015,16
12/30/2015,15.1
12/31/2015,13.6
1/1/2016,12.7
1/2/2016,12
1/3/2016,11.5
1/4/2016,12
1/5/2016,23
1/6/2016,37
1/7/2016,39.7
1/8/2016,31.5
1/9/2016,34.5
1/10/2016,39.2
1/11/2016,35
1/12/2016,33.2
1/13/2016,115
1/14/2016,96.8
1/15/2016,69.3
1/16/2016,112
1/17/2016,406
1/18/2016,343
1/19/2016,303
1/20/2016,218
1/21/2016,143
1/22/2016,184
1/23/2016,176
1/24/2016,136
1/25/2016,119
1/26/2016,102
1/27/2016,91.7
1/28/2016,110
1/29/2016,382
1/30/2016,249
1/31/2016,158
2/1/2016,116
2/2/2016,93.6
2/3/2016,79
2/4/2016,68.2
2/5/2016,60.1
2/6/2016,54.3
2/7/2016,52.3
2/8/2016,60.2
2/9/2016,67.4
2/10/2016,68.1
2/11/2016,68.5
2/12/2016,73.1
2/13/2016,72.8
2/14/2016,74.7
2/15/2016,83.2
2/16/2016,75.7
2/17/2016,84
2/18/2016,95.8
2/19/2016,75.9
2/20/2016,64.7
2/21/2016,57.5
2/22/2016,54
2/23/2016,51.8
2/24/2016,49.6
2/25/2016,48.5
2/26/2016,51.9
2/27/2016,60.1
2/28/2016,52.4
2/29/2016,50.8
3/1/2016,49.3
3/2/2016,54.1
3/3/2016,98.6
3/4/2016,80.4
3/5/2016,288
3/6/2016,345
3/7/2016,206
3/8/2016,149
3/9/2016,147
3/10/2016,384
3/11/2016,311
3/12/2016,256
3/13/2016,308
3/14/2016,301
3/15/2016,206
3/16/2016,156
3/17/2016,128
3/18/2016,115
3/19/2016,110
3/20/2016,187
3/21/2016,188
3/22/2016,153
3/23/2016,127
3/24/2016,113
3/25/2016,104
3/26/2016,94
3/27/2016,90.9
3/28/2016,81.2
3/29/2016,72.9
3/30/2016,65.8
3/31/2016,63.7
4/1/2016,69.3
4/2/2016,79
4/3/2016,85.2
4/4/2016,82.2
4/5/2016,73.8
4/6/2016,84.9
4/7/2016,100
4/8/2016,105
4/9/2016,102
4/10/2016,105
4/11/2016,105
4/12/2016,113
4/13/2016,85.3
4/14/2016,69.1
4/15/2016,56.2
4/16/2016,51.2
4/17/2016,56.1
4/18/2016,66.7
4/19/2016,72.3
4/20/2016,76.9
4/21/2016,68.1
4/22/2016,88.3
4/23/2016,60
4/24/2016,52
4/25/2016,45.9
4/26/2016,41.2
4/27/2016,41.1
4/28/2016,40.3
4/29/2016,44.2
4/30/2016,44.9
5/1/2016,47.7
5/2/2016,53.6
5/3/2016,53.5
5/4/2016,54.6
5/5/2016,71.2
5/6/2016,71
5/7/2016,73.3
5/8/2016,80
5/9/2016,67
5/10/2016,58.3
5/11/2016,51
5/12/2016,50.4
5/13/2016,59.7
5/14/2016,56.2
5/15/2016,42.5
5/16/2016,39.6
5/17/2016,39.6
5/18/2016,43
5/19/2016,41
5/20/2016,30.9
5/21/2016,25
5/22/2016,23.2
5/23/2016,20.5
5/24/2016,22
5/25/2016,29.5
5/26/2016,28.9
5/27/2016,28.8
5/28/2016,26.9
5/29/2016,26.3
5/30/2016,29.1
5/31/2016,29.3
6/1/2016,29.5
6/2/2016,25.1
6/3/2016,21.8
6/4/2016,23
6/5/2016,23.6
6/6/2016,24.3
6/7/2016,22.5
6/8/2016,19.5
6/9/2016,14.7
6/10/2016,13.4
6/11/2016,11.9
6/12/2016,10.4
6/13/2016,10.1
6/14/2016,10.5
6/15/2016,9.62
6/16/2016,9.11
6/17/2016,15.8
6/18/2016,18.3
6/19/2016,12
6/20/2016,10.2
6/21/2016,9.41
6/22/2016,9.16
6/23/2016,8.54
6/24/2016,8.14
6/25/2016,7.46
6/26/2016,6.77
6/27/2016,6.34
6/28/2016,6.13
6/29/2016,5.58
6/30/2016,5.32
7/1/2016,5.04
7/2/2016,4.69
7/3/2016,4.5
7/4/2016,4.31
7/5/2016,4.04
7/6/2016,3.88
7/7/2016,3.65
7/8/2016,3.66
7/9/2016,3.87
7/10/2016,3.81
7/11/2016,3.78
7/12/2016,3.45
7/13/2016,3.23
7/14/2016,2.88
7/15/2016,2.68
7/16/2016,2.6
7/17/2016,2.56
7/18/2016,2.57
7/19/2016,2.7
7/20/2016,2.68
7/21/2016,2.52
7/22/2016,2.35
7/23/2016,2.23
7/24/2016,2.11
7/25/2016,1.92
7/26/2016,1.74
7/27/2016,1.66
7/28/2016,1.5
7/29/2016,1.41
7/30/2016,1.29
7/31/2016,1.25
8/1/2016,1.19
8/2/2016,1.11
8/3/2016,1.1
8/4/2016,1.03
8/5/2016,1.04
8/6/2016,1.2
8/7/2016,1.25
8/8/2016,1.25
8/9/2016,1.25
8/10/2016,1.21
8/11/2016,1.25
8/12/2016,1.15
8/13/2016,0.95
8/14/2016,0.9
8/15/2016,0.88
8/16/2016,0.8
8/17/2016,0.77
8/18/2016,0.74
8/19/2016,0.8
8/20/2016,0.71
8/21/2016,0.55
8/22/2016,0.56
8/23/2016,0.55
8/24/2016,0.61
8/25/2016,0.7
8/26/2016,0.73
8/27/2016,0.7
8/28/2016,0.8
8/29/2016,0.76
8/30/2016,0.84
8/31/2016,0.73
9/1/2016,0.72
9/2/2016,0.88
9/3/2016,1.05
9/4/2016,0.78
9/5/2016,0.85
9/6/2016,0.91
9/7/2016,1.03
9/8/2016,1.01
9/9/2016,0.93
9/10/2016,0.84
9/11/2016,0.64
9/12/2016,0.45
9/13/2016,0.56
9/14/2016,0.76
9/15/2016,0.82
9/16/2016,0.87
9/17/2016,0.91
9/18/2016,0.77
9/19/2016,0.75
9/20/2016,0.75
9/21/2016,0.8
9/22/2016,0.94
9/23/2016,1.18
9/24/2016,1.3
9/25/2016,1.13
9/26/2016,1.02
9/27/2016,0.93
9/28/2016,0.88
9/29/2016,0.91
9/30/2016,0.95
10/1/2016,1.06
10/2/2016,1.75
10/3/2016,2.48
10/4/2016,2.75
10/5/2016,2.89
10/6/2016,2.73
10/7/2016,2.5
10/8/2016,2.37
10/9/2016,2.21
10/10/2016,2.03
10/11/2016,1.98
10/12/2016,1.98
10/13/2016,2.26
10/14/2016,13.3
10/15/2016,39.6
10/16/2016,39.8
10/17/2016,39.1
10/18/2016,27.3
10/19/2016,15.7
10/20/2016,12.3
10/21/2016,12.4
10/22/2016,10.6
10/23/2016,7.72
10/24/2016,35.1
10/25/2016,43.8
10/26/2016,119
10/27/2016,82.2
10/28/2016,46.1
10/29/2016,96.3
10/30/2016,149
10/31/2016,88.5
11/1/2016,75.2
11/2/2016,45.5
11/3/2016,33.6
11/4/2016,29.4
11/5/2016,24.9
11/6/2016,48.8
11/7/2016,28.7
11/8/2016,21.7
11/9/2016,18
11/10/2016,15.7
11/11/2016,14.2
11/12/2016,17.4
11/13/2016,15.5
11/14/2016,13.6
11/15/2016,26.8
11/16/2016,23.8
11/17/2016,17.6
11/18/2016,15.2
11/19/2016,30
11/20/2016,37.4
11/21/2016,36
11/22/2016,31.1
11/23/2016,39.1
11/24/2016,31.1
11/25/2016,28.2
11/26/2016,32.6
11/27/2016,43.5
11/28/2016,36.9
11/29/2016,31.5
11/30/2016,27.8
12/1/2016,24.3
12/2/2016,21.7
12/3/2016,20
12/4/2016,19.4
12/5/2016,21.9
12/6/2016,19.7
12/7/2016,18.6
12/8/2016,19.7
12/9/2016,34.4
12/10/2016,209
12/11/2016,100
12/12/2016,67.6
12/13/2016,53.7
12/14/2016,166
12/15/2016,519
12/16/2016,202
12/17/2016,118
12/18/2016,84.1
12/19/2016,67.1
12/20/2016,58.7
12/21/2016,54
12/22/2016,47.4
12/23/2016,53.2
12/24/2016,48.4
12/25/2016,43.5
12/26/2016,39.9
12/27/2016,37.4
12/28/2016,35.2
12/29/2016,33.1
12/30/2016,32.1
12/31/2016,31.4
1/1/2017,29.9
1/2/2017,29.3
1/3/2017,30.6
1/4/2017,41
1/5/2017,36.9
1/6/2017,34.7
1/7/2017,38.9
1/8/2017,238
1/9/2017,272
1/10/2017,312
1/11/2017,261
1/12/2017,163
1/13/2017,119
1/14/2017,96.2
1/15/2017,82.1
1/16/2017,73.1
1/17/2017,67.9
1/18/2017,108
1/19/2017,155
1/20/2017,187
1/21/2017,166
1/22/2017,189
1/23/2017,150
1/24/2017,115
1/25/2017,95.6
1/26/2017,83.2
1/27/2017,75.4
1/28/2017,70.4
1/29/2017,66.7
1/30/2017,64.7
1/31/2017,63.9
2/1/2017,62.8
2/2/2017,71
2/3/2017,139
2/4/2017,194
2/5/2017,164
2/6/2017,203
2/7/2017,316
2/8/2017,290
2/9/2017,591
2/10/2017,377
2/11/2017,240
2/12/2017,179
2/13/2017,149
2/14/2017,129
2/15/2017,118
2/16/2017,172
2/17/2017,167
2/18/2017,167
2/19/2017,163
2/20/2017,209
2/21/2017,258
2/22/2017,195
2/23/2017,158
2/24/2017,134
2/25/2017,117
2/26/2017,105
2/27/2017,94.6
2/28/2017,85
3/1/2017,76.9
3/2/2017,71
3/3/2017,66.6
3/4/2017,67.5
3/5/2017,64.7
3/6/2017,60.3
3/7/2017,60.1
3/8/2017,63.6
3/9/2017,81.4
3/10/2017,85.8
3/11/2017,83.7
3/12/2017,84.5
3/13/2017,85.3
3/14/2017,99.8
3/15/2017,118
3/16/2017,122
3/17/2017,104
3/18/2017,134
3/19/2017,175
3/20/2017,162
3/21/2017,243
3/22/2017,170
3/23/2017,134
3/24/2017,177
3/25/2017,164
3/26/2017,148
3/27/2017,144
3/28/2017,129
3/29/2017,122
3/30/2017,143
3/31/2017,121
4/1/2017,109
4/2/2017,114
4/3/2017,107
4/4/2017,97.9
4/5/2017,95.6
4/6/2017,108
4/7/2017,125
4/8/2017,110
4/9/2017,99.6
4/10/2017,92.5
4/11/2017,98.6
4/12/2017,108
4/13/2017,103
4/14/2017,94.4
4/15/2017,87.1
4/16/2017,87
4/17/2017,87.7
4/18/2017,99.7
4/19/2017,103
4/20/2017,117
4/21/2017,110
4/22/2017,110
4/23/2017,106
4/24/2017,102
4/25/2017,92.6
4/26/2017,103
4/27/2017,108
4/28/2017,92.4
4/29/2017,86.7
4/30/2017,93.8
5/1/2017,107
5/2/2017,133
5/3/2017,159
5/4/2017,172
5/5/2017,162
5/6/2017,117
5/7/2017,94.3
5/8/2017,92.5
5/9/2017,103
5/10/2017,114
5/11/2017,106
5/12/2017,87.2
5/13/2017,71.7
5/14/2017,64.6
5/15/2017,65.6
5/16/2017,71.6
5/17/2017,66.8
5/18/2017,67.4
5/19/2017,79.9
5/20/2017,96.9
5/21/2017,103
5/22/2017,111
5/23/2017,119
5/24/2017,119
5/25/2017,100
5/26/2017,85.7
5/27/2017,86.5
5/28/2017,90.5
5/29/2017,93.6
5/30/2017,87.9
5/31/2017,74.3
6/1/2017,74.7
6/2/2017,68.5
6/3/2017,76.4
6/4/2017,68.5
6/5/2017,57.5
6/6/2017,61.8
6/7/2017,61.4
6/8/2017,114
6/9/2017,65
6/10/2017,45.7
6/11/2017,36.6
6/12/2017,30.8
6/13/2017,31.5
6/14/2017,38.3
6/15/2017,46.2
6/16/2017,61.6
6/17/2017,61.4
6/18/2017,58.1
6/19/2017,55.8
6/20/2017,51.9
6/21/2017,43.5
6/22/2017,37.1
6/23/2017,32.3
6/24/2017,31.1
6/25/2017,30.4
6/26/2017,27.7
6/27/2017,22.8
6/28/2017,20.6
6/29/2017,18.6
6/30/2017,18.1
7/1/2017,17.7
7/2/2017,16.7
7/3/2017,15.9
7/4/2017,15.3
7/5/2017,13.7
7/6/2017,12.2
7/7/2017,11.6
7/8/2017,10.8
7/9/2017,10
7/10/2017,9.64
7/11/2017,9.26
7/12/2017,8.78
7/13/2017,8.47
7/14/2017,8.03
7/15/2017,7.39
7/16/2017,7.12
7/17/2017,6.69
7/18/2017,6.35
7/19/2017,6.13
7/20/2017,5.96
7/21/2017,5.68
7/22/2017,5.44
7/23/2017,5.06
7/24/2017,4.93
7/25/2017,4.75
7/26/2017,4.56
7/27/2017,4.37
7/28/2017,4.21
7/29/2017,4.02
7/30/2017,3.83
7/31/2017,3.64
8/1/2017,3.5
8/2/2017,3.16
8/3/2017,3.03
8/4/2017,2.94
8/5/2017,2.98
8/6/2017,3.05
8/7/2017,3.2
8/8/2017,3.61
8/9/2017,3.59
8/10/2017,3.37
8/11/2017,3.53
8/12/2017,3.12
8/13/2017,2.81
8/14/2017,2.71
8/15/2017,2.74
8/16/2017,2.72
8/17/2017,2.5
8/18/2017,2.32
8/19/2017,2.2
8/20/2017,2.13
8/21/2017,2.12
8/22/2017,2.04
8/23/2017,1.93
8/24/2017,1.91
8/25/2017,1.9
8/26/2017,1.88
8/27/2017,1.81
8/28/2017,1.68
8/29/2017,1.53
8/30/2017,1.36
8/31/2017,1.44
9/1/2017,1.55
9/2/2017,1.58
9/3/2017,1.58
9/4/2017,1.7
9/5/2017,1.56
9/6/2017,1.51
9/7/2017,2.27
9/8/2017,3.24
9/9/2017,3.15
9/10/2017,2.7
9/11/2017,2.4
9/12/2017,2.09
9/13/2017,1.99
9/14/2017,2.18
9/15/2017,2.16
9/16/2017,2.2
9/17/2017,2.22
9/18/2017,2.17
9/19/2017,2.25
9/20/2017,3.06
9/21/2017,3.74
9/22/2017,3.74
9/23/2017,3.44
9/24/2017,3.14
9/25/2017,2.88
9/26/2017,2.78
9/27/2017,2.57
9/28/2017,2.41
9/29/2017,2.38
9/30/2017,2.38
10/1/2017,2.53
10/2/2017,2.62
10/3/2017,2.69
10/4/2017,2.72
10/5/2017,2.79
10/6/2017,2.85
10/7/2017,2.75
10/8/2017,2.81
10/9/2017,2.79
10/10/2017,2.77
10/11/2017,3.09
10/12/2017,3.61
10/13/2017,4.15
10/14/2017,4.34
10/15/2017,4.24
10/16/2017,4.15
10/17/2017,4.06
10/18/2017,4
10/19/2017,4.4
10/20/2017,6.56
10/21/2017,9.38
10/22/2017,12.3
10/23/2017,10.9
10/24/2017,8.42
10/25/2017,7.31
10/26/2017,6.85
10/27/2017,6.46
10/28/2017,6.22
10/29/2017,6.15
10/30/2017,6.28
10/31/2017,6.46
11/1/2017,6.55
11/2/2017,6.84
11/3/2017,7.86
11/4/2017,13.7
11/5/2017,11.2
11/6/2017,9.86
11/7/2017,9.07
11/8/2017,10.4
11/9/2017,25.5
11/10/2017,26.7
11/11/2017,24.4
11/12/2017,14.3
11/13/2017,37.8
11/14/2017,21.8
11/15/2017,20.3
11/16/2017,24
11/17/2017,16.3
11/18/2017,12
11/19/2017,10.4
11/20/2017,84.4
11/21/2017,89.8
11/22/2017,52.5
11/23/2017,52.8
11/24/2017,60.9
11/25/2017,24.5
11/26/2017,46.5
11/27/2017,39.7
11/28/2017,22.3
11/29/2017,17.6
11/30/2017,14.5
12/1/2017,12.8
12/2/2017,11.8
12/3/2017,11.7
12/4/2017,10.5
12/5/2017,9.87
12/6/2017,9.39
12/7/2017,8.98
12/8/2017,8.63
12/9/2017,8.28
12/10/2017,8.11
12/11/2017,7.74
12/12/2017,7.57
12/13/2017,7.29
12/14/2017,7.28
12/15/2017,7.27
12/16/2017,7.28
12/17/2017,7.11
12/18/2017,7.24
12/19/2017,7.17
12/20/2017,7.56
12/21/2017,6.97
12/22/2017,6.84
12/23/2017,6.78
12/24/2017,6.71
12/25/2017,6.49
12/26/2017,6.57
12/27/2017,6.43
12/28/2017,6.41
12/29/2017,6.34
12/30/2017,6.11
12/31/2017,6.31
1/1/2018,6.34
1/2/2018,6.22
1/3/2018,6.05
1/4/2018,6.21
1/5/2018,21.8
1/6/2018,18
1/7/2018,11.4
1/8/2018,11.6
1/9/2018,32.2
1/10/2018,22.2
1/11/2018,19
1/12/2018,18.6
1/13/2018,14.1
1/14/2018,12.3
1/15/2018,11.6
1/16/2018,23.6
1/17/2018,18.3
1/18/2018,37.3
1/19/2018,29
1/20/2018,20.6
1/21/2018,18.6
1/22/2018,20.4
1/23/2018,18.7
1/24/2018,23.2
1/25/2018,25.9
1/26/2018,21
1/27/2018,20.3
1/28/2018,21.1
1/29/2018,21.3
1/30/2018,21.5
1/31/2018,21.3
2/1/2018,20.4
2/2/2018,22.7
2/3/2018,24.7
2/4/2018,27.7
2/5/2018,25.2
2/6/2018,23
2/7/2018,19.4
2/8/2018,18.7
2/9/2018,18.6
2/10/2018,17
2/11/2018,15.3
2/12/2018,14.2
2/13/2018,13.1
2/14/2018,12.5
2/15/2018,11.8
2/16/2018,11.3
2/17/2018,10.9
2/18/2018,10.8
2/19/2018,10.5
2/20/2018,9.9
2/21/2018,9.89
2/22/2018,9.67
2/23/2018,9.26
2/24/2018,9.16
2/25/2018,8.94
2/26/2018,9.55
2/27/2018,8.77
2/28/2018,8.99
3/1/2018,12.9
3/2/2018,12.4
3/3/2018,11.1
3/4/2018,10.4
3/5/2018,10.1
3/6/2018,10
3/7/2018,10.3
3/8/2018,13
3/9/2018,17.2
3/10/2018,19.4
3/11/2018,17.9
3/12/2018,17.9
3/13/2018,57.4
3/14/2018,38.3
3/15/2018,30.2
3/16/2018,27.4
3/17/2018,25
3/18/2018,22.9
3/19/2018,21.4
3/20/2018,21.9
3/21/2018,27.1
3/22/2018,63
3/23/2018,45
3/24/2018,37.3
3/25/2018,31.6
3/26/2018,28
3/27/2018,26
3/28/2018,27.5
3/29/2018,31.9
3/30/2018,32.8
3/31/2018,33.3
4/1/2018,33.8
4/2/2018,35
4/3/2018,31
4/4/2018,29.6
4/5/2018,42.2
4/6/2018,222
4/7/2018,360
4/8/2018,135
4/9/2018,94.7
4/10/2018,84
4/11/2018,70.8
4/12/2018,55.9
4/13/2018,46.9
4/14/2018,43.1
4/15/2018,41.8
4/16/2018,36.3
4/17/2018,31.6
4/18/2018,29.1
4/19/2018,26.5
4/20/2018,25.3
4/21/2018,29
4/22/2018,32.5
4/23/2018,32.6
4/24/2018,33.8
4/25/2018,38.2
4/26/2018,39
4/27/2018,39.2
4/28/2018,28.4
4/29/2018,24.9
4/30/2018,22.4
5/1/2018,21.8
5/2/2018,21.8
5/3/2018,23.7
5/4/2018,28.1
5/5/2018,30.5
5/6/2018,29.2
5/7/2018,26.6
5/8/2018,26.2
5/9/2018,25.9
5/10/2018,21.6
5/11/2018,18.7
5/12/2018,16.8
5/13/2018,16.8
5/14/2018,18.2
5/15/2018,21.2
5/16/2018,26.3
5/17/2018,24.3
5/18/2018,19.6
5/19/2018,17.1
5/20/2018,15.8
5/21/2018,14.9
5/22/2018,14.4
5/23/2018,15.1
5/24/2018,14.8
5/25/2018,16.5
5/26/2018,17.5
5/27/2018,13.7
5/28/2018,11.8
5/29/2018,11.1
5/30/2018,10.4
5/31/2018,9.89
6/1/2018,9.4
6/2/2018,8.5
6/3/2018,7.98
6/4/2018,7.73
6/5/2018,7.62
6/6/2018,7.3
6/7/2018,6.9
6/8/2018,6.57
6/9/2018,6.69
6/10/2018,6.83
6/11/2018,6.49
6/12/2018,6.09
6/13/2018,5.62
6/14/2018,5.36
6/15/2018,5.16
6/16/2018,5.03
6/17/2018,4.91
6/18/2018,4.89
6/19/2018,4.54
6/20/2018,4.17
6/21/2018,4
6/22/2018,3.8
6/23/2018,3.58
6/24/2018,3.38
6/25/2018,3.14
6/26/2018,3.05
6/27/2018,2.99
6/28/2018,2.88
6/29/2018,2.87
6/30/2018,2.75
7/1/2018,2.51
7/2/2018,2.34
7/3/2018,2.26
7/4/2018,2.18
7/5/2018,2.18
7/6/2018,2.26
7/7/2018,2.26
7/8/2018,2.03
7/9/2018,1.86
7/10/2018,1.78
7/11/2018,1.71
7/12/2018,1.56
7/13/2018,1.55
7/14/2018,1.57
7/15/2018,1.54
7/16/2018,1.63
7/17/2018,1.46
7/18/2018,1.13
7/19/2018,0.94
7/20/2018,0.78
7/21/2018,0.88
7/22/2018,0.83
7/23/2018,0.81
7/24/2018,0.78
7/25/2018,0.71
7/26/2018,0.56
7/27/2018,0.67
7/28/2018,0.67
7/29/2018,0.55
7/30/2018,0.62
7/31/2018,0.47
8/1/2018,0.49
8/2/2018,0.49
8/3/2018,0.5
8/4/2018,0.74
8/5/2018,0.76
8/6/2018,0.75
8/7/2018,0.66
8/8/2018,0.8
8/9/2018,0.91
8/10/2018,0.83
8/11/2018,0.66
8/12/2018,0.61
8/13/2018,0.58
8/14/2018,0.53
8/15/2018,0.35
8/16/2018,0.24
8/17/2018,0.27
8/18/2018,0.35
8/19/2018,0.35
8/20/2018,0.43
8/21/2018,0.42
8/22/2018,0.41
8/23/2018,0.37
8/24/2018,0.4
8/25/2018,0.45
8/26/2018,0.45
8/27/2018,0.47
8/28/2018,0.49
8/29/2018,0.51
8/30/2018,0.54
8/31/2018,0.55
9/1/2018,0.58
9/2/2018,0.72
9/3/2018,0.62
9/4/2018,0.5
9/5/2018,0.27
9/6/2018,0.36
9/7/2018,0.35
9/8/2018,0.33
9/9/2018,0.37
9/10/2018,0.31
9/11/2018,0.33
9/12/2018,0.41
9/13/2018,0.46
9/14/2018,0.45
9/15/2018,0.57
9/16/2018,0.68
9/17/2018,0.62
9/18/2018,0.64
9/19/2018,0.62
9/20/2018,0.62
9/21/2018,0.59
9/22/2018,0.52
9/23/2018,0.54
9/24/2018,0.52
9/25/2018,0.49
9/26/2018,0.5
9/27/2018,0.49
9/28/2018,0.47
9/29/2018,0.54
9/30/2018,0.81
10/1/2018,1.06
10/2/2018,1.46
10/3/2018,1.7
10/4/2018,1.81
10/5/2018,1.8
10/6/2018,1.84
10/7/2018,1.72
10/8/2018,1.62
10/9/2018,1.64
10/10/2018,1.65
10/11/2018,1.69
10/12/2018,1.76
10/13/2018,1.78
10/14/2018,1.85
10/15/2018,2.05
10/16/2018,2.18
10/17/2018,2.25
10/18/2018,2.33
10/19/2018,2.36
10/20/2018,2.46
10/21/2018,2.61
10/22/2018,2.71
10/23/2018,2.87
10/24/2018,2.97
10/25/2018,3.14
10/26/2018,3.35
10/27/2018,3.51
10/28/2018,3.73
10/29/2018,3.99
10/30/2018,4.23
10/31/2018,4.61
11/1/2018,4.8
11/2/2018,4.79
11/3/2018,4.66
11/4/2018,4.74
11/5/2018,4.77
11/6/2018,4.86
11/7/2018,4.87
11/8/2018,4.87
11/9/2018,4.89
11/10/2018,5.04
11/11/2018,5.11
11/12/2018,5.2
11/13/2018,5.33
11/14/2018,5.34
11/15/2018,5.34
11/16/2018,5.36
11/17/2018,5.36
11/18/2018,5.37
11/19/2018,5.38
11/20/2018,5.39
11/21/2018,6.11
11/22/2018,7.93
11/23/2018,20.5
11/24/2018,12.2
11/25/2018,5.26
11/26/2018,3.79
11/27/2018,22.9
11/28/2018,19.7
11/29/2018,40.7
11/30/2018,17.6
12/1/2018,12.9
12/2/2018,9.85
12/3/2018,7.9
12/4/2018,7.02
12/5/2018,6.45
12/6/2018,6.04
12/7/2018,5.7
12/8/2018,5.47
12/9/2018,5.52
12/10/2018,7.34
12/11/2018,6.77
12/12/2018,8.73
12/13/2018,8.24
12/14/2018,7.21
12/15/2018,6.93
12/16/2018,34.7
12/17/2018,40.2
12/18/2018,50
12/19/2018,60.5
12/20/2018,29.8
12/21/2018,39.6
12/22/2018,23.1
12/23/2018,19
12/24/2018,30.6
12/25/2018,31.4
12/26/2018,21.7
12/27/2018,17.4
12/28/2018,14.5
12/29/2018,12.6
12/30/2018,11.6
12/31/2018,10.6
1/1/2019,9.65
1/2/2019,9.11
1/3/2019,8.5
1/4/2019,8.16
1/5/2019,8.78
1/6/2019,12.6
1/7/2019,12.4
1/8/2019,14.9
1/9/2019,52.8
1/10/2019,54.3
1/11/2019,37.1
1/12/2019,29.2
1/13/2019,24.6
1/14/2019,21.3
1/15/2019,21.3
1/16/2019,53.1
1/17/2019,139
1/18/2019,96.3
1/19/2019,158
1/20/2019,225
1/21/2019,132
1/22/2019,87.1
1/23/2019,65.5
1/24/2019,54.5
1/25/2019,46
1/26/2019,40.5
1/27/2019,39.2
1/28/2019,39.8
1/29/2019,41.2
1/30/2019,39.8
1/31/2019,36.3
2/1/2019,38
2/2/2019,84.8
2/3/2019,81.8
2/4/2019,75.9
2/5/2019,64.9
2/6/2019,55
2/7/2019,47.4
2/8/2019,41.9
2/9/2019,39.2
2/10/2019,34.8
2/11/2019,31.2
2/12/2019,30.1
2/13/2019,49.4
2/14/2019,171
2/15/2019,132
2/16/2019,100
2/17/2019,85.2
2/18/2019,72.4
2/19/2019,64.7
2/20/2019,57.8
2/21/2019,52.3
2/22/2019,47
2/23/2019,43.6
2/24/2019,43.7
2/25/2019,109
2/26/2019,312
2/27/2019,486
2/28/2019,217
3/1/2019,136
3/2/2019,128
3/3/2019,124
3/4/2019,120
3/5/2019,110
3/6/2019,140
3/7/2019,138
3/8/2019,114
3/9/2019,96
3/10/2019,82.3
3/11/2019,71.1
3/12/2019,63.8
3/13/2019,57.6
3/14/2019,52.8
3/15/2019,49.8
3/16/2019,49.3
3/17/2019,52
3/18/2019,57.2
3/19/2019,62.2
3/20/2019,89
3/21/2019,93.1
3/22/2019,84.2
3/23/2019,81.4
3/24/2019,74.8
3/25/2019,86.1
3/26/2019,88.2
3/27/2019,106
3/28/2019,108
3/29/2019,99.7
3/30/2019,89.8
3/31/2019,82.3
4/1/2019,88.5
4/2/2019,135
4/3/2019,129
4/4/2019,122
4/5/2019,135
4/6/2019,128
4/7/2019,157
4/8/2019,317
4/9/2019,255
4/10/2019,167
4/11/2019,137
4/12/2019,117
4/13/2019,109
4/14/2019,109
4/15/2019,103
4/16/2019,91.5
4/17/2019,83.4
4/18/2019,100
4/19/2019,124
4/20/2019,133
4/21/2019,116
4/22/2019,104
4/23/2019,130
4/24/2019,149
4/25/2019,146
4/26/2019,131
4/27/2019,121
4/28/2019,116
4/29/2019,110
4/30/2019,95.8
5/1/2019,80
5/2/2019,76
5/3/2019,75.4
5/4/2019,82.6
5/5/2019,88.5
5/6/2019,98.4
5/7/2019,99.1
5/8/2019,98.4
5/9/2019,99.5
5/10/2019,92
5/11/2019,88.8
5/12/2019,89.7
5/13/2019,78.3
5/14/2019,68.8
5/15/2019,142
5/16/2019,185
5/17/2019,91.2
5/18/2019,81.6
5/19/2019,77
5/20/2019,67.2
5/21/2019,66.6
5/22/2019,61.2
5/23/2019,63.6
5/24/2019,66.5
5/25/2019,66.2
5/26/2019,61.1
5/27/2019,61.6
5/28/2019,76.3
5/29/2019,77.6
5/30/2019,75
5/31/2019,71.6
6/1/2019,83.6
6/2/2019,92.2
6/3/2019,88.6
6/4/2019,76.9
6/5/2019,74.1
6/6/2019,59.4
6/7/2019,45.4
6/8/2019,36.7
6/9/2019,38.1
6/10/2019,46.1
6/11/2019,55.5
6/12/2019,57.9
6/13/2019,54.9
6/14/2019,50.5
6/15/2019,49.5
6/16/2019,46.3
6/17/2019,40.2
6/18/2019,36.4
6/19/2019,34.8
6/20/2019,30.2
6/21/2019,24.3
6/22/2019,21.8
6/23/2019,22.9
6/24/2019,23.2
6/25/2019,21.4
6/26/2019,19.1
6/27/2019,17.5
6/28/2019,16.1
6/29/2019,15.6
6/30/2019,15.8
7/1/2019,15.9
7/2/2019,15.6
7/3/2019,14.8
7/4/2019,14.2
7/5/2019,13.9
7/6/2019,13.8
7/7/2019,13
7/8/2019,12.1
7/9/2019,11.7
7/10/2019,11.4
7/11/2019,11.2
7/12/2019,10.8
7/13/2019,10.2
7/14/2019,9.28
7/15/2019,8.56
7/16/2019,8.22
7/17/2019,7.64
7/18/2019,7.24
7/19/2019,6.96
7/20/2019,6.62
7/21/2019,6.16
7/22/2019,5.78
7/23/2019,5.47
7/24/2019,5.08
7/25/2019,4.76
7/26/2019,4.36
7/27/2019,4.11
7/28/2019,3.93
7/29/2019,3.71
7/30/2019,3.57
7/31/2019,3.41
8/1/2019,3.27
8/2/2019,3.1
8/3/2019,2.97
8/4/2019,2.8
8/5/2019,2.65
8/6/2019,2.54
8/7/2019,2.43
8/8/2019,2.34
8/9/2019,2.58
8/10/2019,4.53
8/11/2019,4.16
8/12/2019,3.42
8/13/2019,2.91
8/14/2019,2.68
8/15/2019,2.41
8/16/2019,2.28
8/17/2019,2.11
8/18/2019,2.04
8/19/2019,2.01
8/20/2019,2
8/21/2019,2
8/22/2019,2.07
8/23/2019,1.97
8/24/2019,1.84
8/25/2019,1.68
8/26/2019,1.59
8/27/2019,1.47
8/28/2019,1.41
8/29/2019,1.36
8/30/2019,1.42
8/31/2019,1.4
9/1/2019,1.38
9/2/2019,1.3
9/3/2019,1.25
9/4/2019,1.23
9/5/2019,1.43
9/6/2019,1.37
9/7/2019,1.33
9/8/2019,1.4
9/9/2019,1.49
9/10/2019,1.56
9/11/2019,1.65
9/12/2019,1.62
9/13/2019,1.53
9/14/2019,1.36
9/15/2019,1.29
9/16/2019,1.51
9/17/2019,1.82
9/18/2019,2.72
9/19/2019,2.97
9/20/2019,2.62
9/21/2019,2.32
9/22/2019,2.23
9/23/2019,2.3
9/24/2019,2.06
9/25/2019,1.91
9/26/2019,1.81
9/27/2019,1.89
9/28/2019,2.04
9/29/2019,2.97
9/30/2019,3.32
10/1/2019,3.36
10/2/2019,3.29
10/3/2019,3.04
10/4/2019,2.94
10/5/2019,2.89
10/6/2019,2.72
10/7/2019,2.74
10/8/2019,2.84
10/9/2019,2.88
10/10/2019,2.9
10/11/2019,3
10/12/2019,2.98
10/13/2019,2.9
10/14/2019,2.81
10/15/2019,2.76
10/16/2019,2.79
10/17/2019,3.1
10/18/2019,3.56
10/19/2019,5.13
10/20/2019,6.65
10/21/2019,4.77
10/22/2019,4.05
10/23/2019,3.75
10/24/2019,3.57
10/25/2019,3.36
10/26/2019,3.32
10/27/2019,3.36
10/28/2019,3.47
10/29/2019,3.61
10/30/2019,3.66
10/31/2019,3.63
11/1/2019,3.6
11/2/2019,3.54
11/3/2019,3.41
11/4/2019,3.3
11/5/2019,3.25
11/6/2019,3.24
11/7/2019,3.19
11/8/2019,3.21
11/9/2019,3.14
11/10/2019,3.18
11/11/2019,3.2
11/12/2019,3.24
11/13/2019,3.28
11/14/2019,3.32
11/15/2019,3.35
11/16/2019,3.4
11/17/2019,3.49
11/18/2019,3.55
11/19/2019,3.62
11/20/2019,3.56
11/21/2019,3.6
11/22/2019,3.65
11/23/2019,3.7
11/24/2019,3.74
11/25/2019,3.77
11/26/2019,4.65
11/27/2019,5.93
11/28/2019,5.7
11/29/2019,4.99
11/30/2019,5.32
12/1/2019,7.37
12/2/2019,8.41
12/3/2019,8.47
12/4/2019,6.98
12/5/2019,6.52
12/6/2019,16
12/7/2019,76
12/8/2019,40
12/9/2019,20.3
12/10/2019,14.7
12/11/2019,15.7
12/12/2019,35.1
12/13/2019,54.1
12/14/2019,46
12/15/2019,24.3
12/16/2019,17.9
12/17/2019,15
12/18/2019,13.5
12/19/2019,16.2
12/20/2019,22
12/21/2019,21.8
12/22/2019,19.3
12/23/2019,16.8
12/24/2019,15
12/25/2019,14.2
12/26/2019,13
12/27/2019,12.2
12/28/2019,11.6
12/29/2019,11.6
12/30/2019,11.2
12/31/2019,10.8
1/1/2020,15.1
1/2/2020,18.3
1/3/2020,14.1
1/4/2020,13.6
1/5/2020,12.3
1/6/2020,11.6
1/7/2020,11.5
1/8/2020,11.6
1/9/2020,13.9
1/10/2020,12.9
1/11/2020,13.2
1/12/2020,12.6
1/13/2020,13
1/14/2020,15.2
1/15/2020,14.6
1/16/2020,16.7
1/17/2020,16.1
1/18/2020,14.8
1/19/2020,14.7
1/20/2020,14.9
1/21/2020,20
1/22/2020,22.9
1/23/2020,22.5
1/24/2020,40.7
1/25/2020,70
1/26/2020,158
1/27/2020,80.7
1/28/2020,66
1/29/2020,52.4
1/30/2020,53
1/31/2020,46.5
2/1/2020,40.3
2/2/2020,36
2/3/2020,31.3
2/4/2020,27.4
2/5/2020,24.7
2/6/2020,22.9
2/7/2020,22
2/8/2020,21.3
2/9/2020,19.7
2/10/2020,18.5
2/11/2020,17.7
2/12/2020,17.4
2/13/2020,17.1
2/14/2020,16.6
2/15/2020,15.9
2/16/2020,15.6
2/17/2020,15.6
2/18/2020,15
2/19/2020,14.6
2/20/2020,14
2/21/2020,13.5
2/22/2020,13.5
2/23/2020,13.7
2/24/2020,13.9
2/25/2020,13.7
2/26/2020,14.2
2/27/2020,14.9
2/28/2020,15.3
2/29/2020,15.3
3/1/2020,14.1
3/2/2020,13.1
3/3/2020,13
3/4/2020,13.9
3/5/2020,14.3
3/6/2020,15.3
3/7/2020,15.6
3/8/2020,14.2
3/9/2020,13.4
3/10/2020,12.5
3/11/2020,12.4
3/12/2020,13.3
3/13/2020,14.1
3/14/2020,14.3
3/15/2020,13.7
3/16/2020,13
3/17/2020,15
3/18/2020,13.4
3/19/2020,12.9
3/20/2020,12.3
3/21/2020,12.2
3/22/2020,12.5
3/23/2020,12.4
3/24/2020,12.5
3/25/2020,12