10/1/1946,0
10/2/1946,0
10/3/1946,0
10/4/1946,0
10/5/1946,0
10/6/1946,0
10/7/1946,0
10/8/1946,0
10/9/1946,0
10/10/1946,0
10/11/1946,0
10/12/1946,0
10/13/1946,0
10/14/1946,0
10/15/1946,0
10/16/1946,0
10/17/1946,0
10/18/1946,0
10/19/1946,0
10/20/1946,0
10/21/1946,0
10/22/1946,0
10/23/1946,0
10/24/1946,0
10/25/1946,0
10/26/1946,0
10/27/1946,0
10/28/1946,0
10/29/1946,0
10/30/1946,0
10/31/1946,0
11/1/1946,0
11/2/1946,0
11/3/1946,0
11/4/1946,0
11/5/1946,0
11/6/1946,0
11/7/1946,0
11/8/1946,0
11/9/1946,0
11/10/1946,0
11/11/1946,0
11/12/1946,0
11/13/1946,0
11/14/1946,0
11/15/1946,0
11/16/1946,0
11/17/1946,0
11/18/1946,0
11/19/1946,9
11/20/1946,3
11/21/1946,0.4
11/22/1946,0.5
11/23/1946,2.2
11/24/1946,0.8
11/25/1946,0.4
11/26/1946,0.3
11/27/1946,0.3
11/28/1946,0.3
11/29/1946,0.3
11/30/1946,0.4
12/1/1946,0.4
12/2/1946,0.5
12/3/1946,0.6
12/4/1946,0.6
12/5/1946,1.4
12/6/1946,4.9
12/7/1946,2
12/8/1946,1.2
12/9/1946,0.9
12/10/1946,0.8
12/11/1946,0.8
12/12/1946,0.8
12/13/1946,0.8
12/14/1946,0.8
12/15/1946,0.8
12/16/1946,0.8
12/17/1946,0.6
12/18/1946,0.6
12/19/1946,0.6
12/20/1946,0.6
12/21/1946,0.6
12/22/1946,0.6
12/23/1946,0.6
12/24/1946,2.7
12/25/1946,2
12/26/1946,1.6
12/27/1946,2.5
12/28/1946,1.4
12/29/1946,1
12/30/1946,1
12/31/1946,0.9
1/1/1947,0.9
1/2/1947,0.9
1/3/1947,0.8
1/4/1947,0.8
1/5/1947,0.9
1/6/1947,0.9
1/7/1947,0.9
1/8/1947,0.9
1/9/1947,0.9
1/10/1947,0.9
1/11/1947,0.8
1/12/1947,0.9
1/13/1947,1
1/14/1947,0.9
1/15/1947,0.8
1/16/1947,0.8
1/17/1947,0.8
1/18/1947,0.8
1/19/1947,0.9
1/20/1947,0.9
1/21/1947,0.9
1/22/1947,0.9
1/23/1947,0.9
1/24/1947,0.9
1/25/1947,1
1/26/1947,1
1/27/1947,1
1/28/1947,4.7
1/29/1947,2.2
1/30/1947,1.4
1/31/1947,1.2
2/1/1947,1
2/2/1947,1
2/3/1947,0.9
2/4/1947,0.9
2/5/1947,0.9
2/6/1947,0.9
2/7/1947,0.9
2/8/1947,0.9
2/9/1947,1.4
2/10/1947,1.6
2/11/1947,1.4
2/12/1947,12
2/13/1947,5.1
2/14/1947,2.5
2/15/1947,2
2/16/1947,2
2/17/1947,1.8
2/18/1947,1.6
2/19/1947,1.4
2/20/1947,1.4
2/21/1947,1.4
2/22/1947,1.2
2/23/1947,1.2
2/24/1947,1.2
2/25/1947,1.2
2/26/1947,1.2
2/27/1947,1.2
2/28/1947,1
3/1/1947,1.8
3/2/1947,6.5
3/3/1947,6.4
3/4/1947,6.8
3/5/1947,3.2
3/6/1947,2.5
3/7/1947,2.2
3/8/1947,2.5
3/9/1947,4.2
3/10/1947,62
3/11/1947,23
3/12/1947,10
3/13/1947,6.8
3/14/1947,5.1
3/15/1947,4.4
3/16/1947,3.9
3/17/1947,3.9
3/18/1947,3.9
3/19/1947,3.7
3/20/1947,3.4
3/21/1947,3.2
3/22/1947,3.2
3/23/1947,3.2
3/24/1947,2.7
3/25/1947,2.7
3/26/1947,2.5
3/27/1947,3
3/28/1947,7.1
3/29/1947,4.7
3/30/1947,12
3/31/1947,9.5
4/1/1947,8.7
4/2/1947,9.2
4/3/1947,13
4/4/1947,6.4
4/5/1947,4.4
4/6/1947,5.4
4/7/1947,5.1
4/8/1947,4.7
4/9/1947,5.4
4/10/1947,3.9
4/11/1947,3.7
4/12/1947,3
4/13/1947,2.7
4/14/1947,2.7
4/15/1947,2.5
4/16/1947,2.2
4/17/1947,2.2
4/18/1947,2.5
4/19/1947,2
4/20/1947,1.8
4/21/1947,1.6
4/22/1947,1.6
4/23/1947,1.6
4/24/1947,1.4
4/25/1947,1.4
4/26/1947,1.4
4/27/1947,1.2
4/28/1947,1.4
4/29/1947,1.2
4/30/1947,1
5/1/1947,0.9
5/2/1947,0.8
5/3/1947,0.8
5/4/1947,0.8
5/5/1947,0.8
5/6/1947,0.8
5/7/1947,0.8
5/8/1947,0.8
5/9/1947,0.8
5/10/1947,0.6
5/11/1947,0.6
5/12/1947,0.5
5/13/1947,0.5
5/14/1947,0.6
5/15/1947,0.6
5/16/1947,0.6
5/17/1947,0.5
5/18/1947,0.4
5/19/1947,0.4
5/20/1947,0.3
5/21/1947,0.3
5/22/1947,0.3
5/23/1947,0.3
5/24/1947,0.2
5/25/1947,0.2
5/26/1947,0.2
5/27/1947,0.3
5/28/1947,0.4
5/29/1947,0.4
5/30/1947,0.2
5/31/1947,0.2
6/1/1947,0.2
6/2/1947,0.2
6/3/1947,0.2
6/4/1947,0.2
6/5/1947,0.2
6/6/1947,0.3
6/7/1947,0.4
6/8/1947,0.6
6/9/1947,0.5
6/10/1947,0.3
6/11/1947,0.2
6/12/1947,0.1
6/13/1947,0.1
6/14/1947,0.1
6/15/1947,0.1
6/16/1947,0.1
6/17/1947,0.1
6/18/1947,0.1
6/19/1947,0.1
6/20/1947,0.1
6/21/1947,0.1
6/22/1947,0.1
6/23/1947,0.1
6/24/1947,0.1
6/25/1947,0.1
6/26/1947,0.1
6/27/1947,0.1
6/28/1947,0.1
6/29/1947,0.1
6/30/1947,0.1
7/1/1947,0.1
7/2/1947,0.1
7/3/1947,0.1
7/4/1947,0.1
7/5/1947,0.1
7/6/1947,0.1
7/7/1947,0
7/8/1947,0
7/9/1947,0
7/10/1947,0
7/11/1947,0
7/12/1947,0
7/13/1947,0
7/14/1947,0
7/15/1947,0
7/16/1947,0
7/17/1947,0
7/18/1947,0
7/19/1947,0
7/20/1947,0
7/21/1947,0
7/22/1947,0
7/23/1947,0
7/24/1947,0
7/25/1947,0
7/26/1947,0
7/27/1947,0
7/28/1947,0
7/29/1947,0
7/30/1947,0
7/31/1947,0
8/1/1947,0
8/2/1947,0
8/3/1947,0
8/4/1947,0
8/5/1947,0
8/6/1947,0
8/7/1947,0
8/8/1947,0
8/9/1947,0
8/10/1947,0
8/11/1947,0
8/12/1947,0
8/13/1947,0
8/14/1947,0
8/15/1947,0
8/16/1947,0
8/17/1947,0
8/18/1947,0
8/19/1947,0
8/20/1947,0
8/21/1947,0
8/22/1947,0
8/23/1947,0
8/24/1947,0
8/25/1947,0
8/26/1947,0
8/27/1947,0
8/28/1947,0
8/29/1947,0
8/30/1947,0
8/31/1947,0
9/1/1947,0
9/2/1947,0
9/3/1947,0
9/4/1947,0
9/5/1947,0
9/6/1947,0
9/7/1947,0
9/8/1947,0
9/9/1947,0
9/10/1947,0
9/11/1947,0
9/12/1947,0
9/13/1947,0
9/14/1947,0
9/15/1947,0
9/16/1947,0
9/17/1947,0
9/18/1947,0
9/19/1947,0
9/20/1947,0
9/21/1947,0
9/22/1947,0
9/23/1947,0
9/24/1947,0
9/25/1947,0
9/26/1947,0
9/27/1947,0
9/28/1947,0
9/29/1947,0
9/30/1947,0
10/1/1947,0
10/2/1947,0
10/3/1947,0
10/4/1947,0
10/5/1947,0
10/6/1947,0
10/7/1947,0.1
10/8/1947,0
10/9/1947,0.8
10/10/1947,0.1
10/11/1947,0
10/12/1947,0
10/13/1947,0
10/14/1947,0
10/15/1947,0
10/16/1947,0.4
10/17/1947,0
10/18/1947,0
10/19/1947,0
10/20/1947,0
10/21/1947,0
10/22/1947,0
10/23/1947,0
10/24/1947,0
10/25/1947,0
10/26/1947,0
10/27/1947,0
10/28/1947,0
10/29/1947,0
10/30/1947,0
10/31/1947,0
11/1/1947,0.2
11/2/1947,0.4
11/3/1947,0.3
11/4/1947,0.2
11/5/1947,0.2
11/6/1947,0.1
11/7/1947,0.1
11/8/1947,0.1
11/9/1947,0.1
11/10/1947,0.1
11/11/1947,0.1
11/12/1947,0.1
11/13/1947,0.1
11/14/1947,0.1
11/15/1947,0.7
11/16/1947,1
11/17/1947,0.5
11/18/1947,0.3
11/19/1947,0.3
11/20/1947,0.2
11/21/1947,0.2
11/22/1947,0.2
11/23/1947,0.2
11/24/1947,0.2
11/25/1947,0.2
11/26/1947,0.2
11/27/1947,0.2
11/28/1947,0.3
11/29/1947,0.3
11/30/1947,0.3
12/1/1947,0.3
12/2/1947,0.3
12/3/1947,0.3
12/4/1947,0.3
12/5/1947,0.6
12/6/1947,0.4
12/7/1947,0.3
12/8/1947,0.3
12/9/1947,0.3
12/10/1947,0.3
12/11/1947,0.3
12/12/1947,0.3
12/13/1947,0.3
12/14/1947,0.3
12/15/1947,0.3
12/16/1947,0.3
12/17/1947,0.9
12/18/1947,0.7
12/19/1947,0.3
12/20/1947,0.6
12/21/1947,0.6
12/22/1947,0.4
12/23/1947,0.3
12/24/1947,0.3
12/25/1947,0.3
12/26/1947,0.3
12/27/1947,0.3
12/28/1947,0.3
12/29/1947,0.3
12/30/1947,0.3
12/31/1947,0.3
1/1/1948,0.3
1/2/1948,0.4
1/3/1948,1.1
1/4/1948,0.7
1/5/1948,0.5
1/6/1948,0.5
1/7/1948,2
1/8/1948,5.4
1/9/1948,1.4
1/10/1948,0.8
1/11/1948,0.6
1/12/1948,0.6
1/13/1948,0.5
1/14/1948,0.4
1/15/1948,0.4
1/16/1948,0.3
1/17/1948,0.3
1/18/1948,0.3
1/19/1948,0.3
1/20/1948,0.3
1/21/1948,0.3
1/22/1948,0.3
1/23/1948,0.3
1/24/1948,0.3
1/25/1948,0.3
1/26/1948,0.3
1/27/1948,0.2
1/28/1948,0.2
1/29/1948,0.3
1/30/1948,0.3
1/31/1948,0.3
2/1/1948,0.3
2/2/1948,0.3
2/3/1948,0.3
2/4/1948,1.1
2/5/1948,3.2
2/6/1948,1.6
2/7/1948,0.8
2/8/1948,0.6
2/9/1948,1
2/10/1948,0.8
2/11/1948,0.6
2/12/1948,0.5
2/13/1948,0.4
2/14/1948,0.5
2/15/1948,0.5
2/16/1948,0.5
2/17/1948,0.5
2/18/1948,0.5
2/19/1948,0.5
2/20/1948,0.5
2/21/1948,0.5
2/22/1948,0.6
2/23/1948,0.6
2/24/1948,0.4
2/25/1948,0.3
2/26/1948,0.3
2/27/1948,0.3
2/28/1948,2.1
2/29/1948,1
3/1/1948,0.6
3/2/1948,0.5
3/3/1948,0.5
3/4/1948,0.4
3/5/1948,0.4
3/6/1948,0.4
3/7/1948,0.4
3/8/1948,0.8
3/9/1948,1.2
3/10/1948,0.7
3/11/1948,0.6
3/12/1948,0.6
3/13/1948,7.2
3/14/1948,8.2
3/15/1948,5
3/16/1948,3.2
3/17/1948,3.2
3/18/1948,1.8
3/19/1948,5.4
3/20/1948,2.3
3/21/1948,1.4
3/22/1948,1.4
3/23/1948,17
3/24/1948,32
3/25/1948,10
3/26/1948,5
3/27/1948,3.8
3/28/1948,4.7
3/29/1948,4.4
3/30/1948,2.9
3/31/1948,2.3
4/1/1948,2.1
4/2/1948,2.6
4/3/1948,4.1
4/4/1948,3.8
4/5/1948,5.7
4/6/1948,12
4/7/1948,6
4/8/1948,5
4/9/1948,6
4/10/1948,13
4/11/1948,12
4/12/1948,7.8
4/13/1948,6.3
4/14/1948,5.7
4/15/1948,5.4
4/16/1948,5.4
4/17/1948,4.7
4/18/1948,4.1
4/19/1948,3.8
4/20/1948,3.5
4/21/1948,3.2
4/22/1948,3.5
4/23/1948,3.2
4/24/1948,2.6
4/25/1948,2.3
4/26/1948,2.3
4/27/1948,2.3
4/28/1948,3.2
4/29/1948,4.4
4/30/1948,6.3
5/1/1948,3.8
5/2/1948,2.6
5/3/1948,1.8
5/4/1948,2.1
5/5/1948,2.1
5/6/1948,1.8
5/7/1948,1.8
5/8/1948,1.6
5/9/1948,1.4
5/10/1948,1.4
5/11/1948,1.2
5/12/1948,1.2
5/13/1948,1.2
5/14/1948,1.1
5/15/1948,1.1
5/16/1948,1
5/17/1948,0.8
5/18/1948,1
5/19/1948,1.4
5/20/1948,3.5
5/21/1948,2.9
5/22/1948,2.1
5/23/1948,1.6
5/24/1948,1.6
5/25/1948,1.4
5/26/1948,1.2
5/27/1948,1.1
5/28/1948,1
5/29/1948,1
5/30/1948,1.8
5/31/1948,1.6
6/1/1948,1.2
6/2/1948,1.2
6/3/1948,1.2
6/4/1948,1.2
6/5/1948,1.2
6/6/1948,1.1
6/7/1948,0.8
6/8/1948,0.8
6/9/1948,0.8
6/10/1948,0.7
6/11/1948,0.6
6/12/1948,0.6
6/13/1948,0.5
6/14/1948,0.5
6/15/1948,0.5
6/16/1948,0.5
6/17/1948,0.5
6/18/1948,0.4
6/19/1948,0.4
6/20/1948,0.3
6/21/1948,0.3
6/22/1948,0.2
6/23/1948,0.1
6/24/1948,0.1
6/25/1948,0.1
6/26/1948,0.2
6/27/1948,0.2
6/28/1948,0.2
6/29/1948,0.2
6/30/1948,0.2
7/1/1948,0.1
7/2/1948,0
7/3/1948,0
7/4/1948,0
7/5/1948,0
7/6/1948,0
7/7/1948,0
7/8/1948,0
7/9/1948,0
7/10/1948,0
7/11/1948,0
7/12/1948,0
7/13/1948,0
7/14/1948,0
7/15/1948,0
7/16/1948,0
7/17/1948,0
7/18/1948,0
7/19/1948,0
7/20/1948,0
7/21/1948,0
7/22/1948,0
7/23/1948,0
7/24/1948,0
7/25/1948,0
7/26/1948,0
7/27/1948,0
7/28/1948,0
7/29/1948,0
7/30/1948,0
7/31/1948,0
8/1/1948,0
8/2/1948,0
8/3/1948,0
8/4/1948,0
8/5/1948,0
8/6/1948,0
8/7/1948,0
8/8/1948,0
8/9/1948,0
8/10/1948,0
8/11/1948,0
8/12/1948,0
8/13/1948,0
8/14/1948,0
8/15/1948,0
8/16/1948,0
8/17/1948,0
8/18/1948,0
8/19/1948,0
8/20/1948,0
8/21/1948,0
8/22/1948,0
8/23/1948,0
8/24/1948,0
8/25/1948,0
8/26/1948,0
8/27/1948,0
8/28/1948,0
8/29/1948,0
8/30/1948,0
8/31/1948,0
9/1/1948,0
9/2/1948,0
9/3/1948,0
9/4/1948,0
9/5/1948,0
9/6/1948,0
9/7/1948,0
9/8/1948,0
9/9/1948,0
9/10/1948,0
9/11/1948,0
9/12/1948,0
9/13/1948,0
9/14/1948,0
9/15/1948,0
9/16/1948,0
9/17/1948,0
9/18/1948,0
9/19/1948,0
9/20/1948,0
9/21/1948,0
9/22/1948,0
9/23/1948,0
9/24/1948,0
9/25/1948,0
9/26/1948,0
9/27/1948,0
9/28/1948,0
9/29/1948,0
9/30/1948,0
10/1/1948,0
10/2/1948,0
10/3/1948,0
10/4/1948,0
10/5/1948,0
10/6/1948,0
10/7/1948,0
10/8/1948,0
10/9/1948,0
10/10/1948,0
10/11/1948,0.1
10/12/1948,0
10/13/1948,0
10/14/1948,0
10/15/1948,0
10/16/1948,0
10/17/1948,0
10/18/1948,0
10/19/1948,0
10/20/1948,0
10/21/1948,0
10/22/1948,0
10/23/1948,0
10/24/1948,0
10/25/1948,0
10/26/1948,0
10/27/1948,0
10/28/1948,0
10/29/1948,0
10/30/1948,0
10/31/1948,0
11/1/1948,0
11/2/1948,0
11/3/1948,0
11/4/1948,0
11/5/1948,0
11/6/1948,0
11/7/1948,0
11/8/1948,0
11/9/1948,0
11/10/1948,0
11/11/1948,0
11/12/1948,0
11/13/1948,0
11/14/1948,0
11/15/1948,0
11/16/1948,0
11/17/1948,0
11/18/1948,0
11/19/1948,0
11/20/1948,0
11/21/1948,0
11/22/1948,0
11/23/1948,0
11/24/1948,0
11/25/1948,0
11/26/1948,0
11/27/1948,0
11/28/1948,0
11/29/1948,0
11/30/1948,0
12/1/1948,0
12/2/1948,0
12/3/1948,0.1
12/4/1948,0
12/5/1948,0.1
12/6/1948,0
12/7/1948,0
12/8/1948,0
12/9/1948,0
12/10/1948,0
12/11/1948,0
12/12/1948,0.1
12/13/1948,0.1
12/14/1948,0.2
12/15/1948,0
12/16/1948,0.2
12/17/1948,0.1
12/18/1948,0
12/19/1948,0
12/20/1948,0
12/21/1948,0
12/22/1948,0
12/23/1948,0
12/24/1948,0
12/25/1948,0.2
12/26/1948,1.7
12/27/1948,0.6
12/28/1948,0.6
12/29/1948,0
12/30/1948,0
12/31/1948,0.1
1/1/1949,1.2
1/2/1949,2
1/3/1949,0
1/4/1949,0
1/5/1949,0
1/6/1949,0
1/7/1949,0
1/8/1949,0
1/9/1949,0
1/10/1949,0
1/11/1949,0
1/12/1949,0
1/13/1949,0
1/14/1949,0
1/15/1949,0
1/16/1949,0
1/17/1949,0
1/18/1949,0
1/19/1949,0.9
1/20/1949,1.3
1/21/1949,0.3
1/22/1949,2.2
1/23/1949,2.2
1/24/1949,0.6
1/25/1949,0.3
1/26/1949,0.2
1/27/1949,0.2
1/28/1949,0.2
1/29/1949,0.2
1/30/1949,0.1
1/31/1949,0.1
2/1/1949,0.2
2/2/1949,0.3
2/3/1949,0.6
2/4/1949,13
2/5/1949,33
2/6/1949,40
2/7/1949,61
2/8/1949,14
2/9/1949,8.6
2/10/1949,6.7
2/11/1949,15
2/12/1949,8.2
2/13/1949,6.3
2/14/1949,5.4
2/15/1949,5
2/16/1949,4.7
2/17/1949,4.4
2/18/1949,4.1
2/19/1949,3.8
2/20/1949,3.5
2/21/1949,2.9
2/22/1949,2.9
2/23/1949,3.5
2/24/1949,6
2/25/1949,4.1
2/26/1949,4.1
2/27/1949,3.8
2/28/1949,3.2
3/1/1949,3.2
3/2/1949,14
3/3/1949,103
3/4/1949,50
3/5/1949,27
3/6/1949,19
3/7/1949,16
3/8/1949,14
3/9/1949,18
3/10/1949,28
3/11/1949,232
3/12/1949,121
3/13/1949,60
3/14/1949,39
3/15/1949,30
3/16/1949,27
3/17/1949,20
3/18/1949,18
3/19/1949,98
3/20/1949,44
3/21/1949,33
3/22/1949,55
3/23/1949,44
3/24/1949,34
3/25/1949,29
3/26/1949,25
3/27/1949,23
3/28/1949,20
3/29/1949,17
3/30/1949,16
3/31/1949,15
4/1/1949,14
4/2/1949,13
4/3/1949,13
4/4/1949,11
4/5/1949,11
4/6/1949,10
4/7/1949,9.7
4/8/1949,9.3
4/9/1949,8.9
4/10/1949,8.9
4/11/1949,8.5
4/12/1949,8.1
4/13/1949,7.7
4/14/1949,7.3
4/15/1949,6.9
4/16/1949,6.9
4/17/1949,6.6
4/18/1949,6.6
4/19/1949,6.3
4/20/1949,6
4/21/1949,5.7
4/22/1949,5.4
4/23/1949,5.4
4/24/1949,5.1
4/25/1949,4.8
4/26/1949,4.5
4/27/1949,4.5
4/28/1949,4.5
4/29/1949,4.5
4/30/1949,4.2
5/1/1949,4.2
5/2/1949,4.2
5/3/1949,3.6
5/4/1949,3.6
5/5/1949,3.4
5/6/1949,2.9
5/7/1949,2.6
5/8/1949,2.6
5/9/1949,2.4
5/10/1949,2.4
5/11/1949,2.9
5/12/1949,2.9
5/13/1949,3.1
5/14/1949,3.6
5/15/1949,3.6
5/16/1949,3.3
5/17/1949,2.6
5/18/1949,3.1
5/19/1949,4.5
5/20/1949,2.9
5/21/1949,2.6
5/22/1949,2.4
5/23/1949,2.2
5/24/1949,1.8
5/25/1949,2
5/26/1949,2
5/27/1949,2
5/28/1949,2
5/29/1949,2
5/30/1949,1.8
5/31/1949,1.6
6/1/1949,1.4
6/2/1949,1.2
6/3/1949,0.6
6/4/1949,0.4
6/5/1949,0.2
6/6/1949,0.3
6/7/1949,0.4
6/8/1949,0.5
6/9/1949,0.4
6/10/1949,0.4
6/11/1949,0.3
6/12/1949,0.4
6/13/1949,0.3
6/14/1949,0.2
6/15/1949,0.2
6/16/1949,0.2
6/17/1949,0.2
6/18/1949,0.2
6/19/1949,0.2
6/20/1949,0.1
6/21/1949,0.1
6/22/1949,0.1
6/23/1949,0.1
6/24/1949,0.2
6/25/1949,0.2
6/26/1949,0.2
6/27/1949,0.2
6/28/1949,0.2
6/29/1949,0.1
6/30/1949,0.1
7/1/1949,0.1
7/2/1949,0.1
7/3/1949,0.1
7/4/1949,0.1
7/5/1949,0.1
7/6/1949,0.1
7/7/1949,0
7/8/1949,0
7/9/1949,0
7/10/1949,0
7/11/1949,0
7/12/1949,0
7/13/1949,0
7/14/1949,0
7/15/1949,0
7/16/1949,0
7/17/1949,0
7/18/1949,0
7/19/1949,0
7/20/1949,0
7/21/1949,0
7/22/1949,0
7/23/1949,0
7/24/1949,0
7/25/1949,0
7/26/1949,0
7/27/1949,0
7/28/1949,0
7/29/1949,0
7/30/1949,0
7/31/1949,0
8/1/1949,0
8/2/1949,0
8/3/1949,0
8/4/1949,0
8/5/1949,0
8/6/1949,0
8/7/1949,0
8/8/1949,0
8/9/1949,0
8/10/1949,0
8/11/1949,0
8/12/1949,0
8/13/1949,0
8/14/1949,0
8/15/1949,0
8/16/1949,0
8/17/1949,0
8/18/1949,0
8/19/1949,0
8/20/1949,0
8/21/1949,0
8/22/1949,0
8/23/1949,0
8/24/1949,0
8/25/1949,0
8/26/1949,0
8/27/1949,0
8/28/1949,0
8/29/1949,0
8/30/1949,0
8/31/1949,0
9/1/1949,0
9/2/1949,0
9/3/1949,0
9/4/1949,0
9/5/1949,0
9/6/1949,0
9/7/1949,0
9/8/1949,0
9/9/1949,0
9/10/1949,0
9/11/1949,0
9/12/1949,0
9/13/1949,0
9/14/1949,0
9/15/1949,0
9/16/1949,0
9/17/1949,0
9/18/1949,0
9/19/1949,0
9/20/1949,0
9/21/1949,0
9/22/1949,0
9/23/1949,0
9/24/1949,0
9/25/1949,0
9/26/1949,0
9/27/1949,0
9/28/1949,0
9/29/1949,0
9/30/1949,0
10/1/1949,0
10/2/1949,0
10/3/1949,0
10/4/1949,0
10/5/1949,0
10/6/1949,0
10/7/1949,0
10/8/1949,0
10/9/1949,0
10/10/1949,0
10/11/1949,0
10/12/1949,0
10/13/1949,0
10/14/1949,0
10/15/1949,0
10/16/1949,0
10/17/1949,0
10/18/1949,0
10/19/1949,0
10/20/1949,0
10/21/1949,0
10/22/1949,0
10/23/1949,0
10/24/1949,0
10/25/1949,0
10/26/1949,0
10/27/1949,0
10/28/1949,0
10/29/1949,0
10/30/1949,0
10/31/1949,0
11/1/1949,0
11/2/1949,0
11/3/1949,0
11/4/1949,0
11/5/1949,0
11/6/1949,0
11/7/1949,0
11/8/1949,0
11/9/1949,1
11/10/1949,0
11/11/1949,0
11/12/1949,0
11/13/1949,0
11/14/1949,0
11/15/1949,0
11/16/1949,0
11/17/1949,0
11/18/1949,0
11/19/1949,0
11/20/1949,0
11/21/1949,0
11/22/1949,0
11/23/1949,0
11/24/1949,0
11/25/1949,0
11/26/1949,0
11/27/1949,0
11/28/1949,0
11/29/1949,0
11/30/1949,0
12/1/1949,0
12/2/1949,0
12/3/1949,0
12/4/1949,0
12/5/1949,0
12/6/1949,0
12/7/1949,0.1
12/8/1949,0
12/9/1949,0
12/10/1949,0
12/11/1949,0
12/12/1949,0
12/13/1949,0
12/14/1949,0.3
12/15/1949,0
12/16/1949,0
12/17/1949,0.6
12/18/1949,2.7
12/19/1949,2.7
12/20/1949,0.9
12/21/1949,0.4
12/22/1949,0.3
12/23/1949,0.4
12/24/1949,0.4
12/25/1949,0.4
12/26/1949,0.4
12/27/1949,0.3
12/28/1949,0.2
12/29/1949,0.3
12/30/1949,0.3
12/31/1949,0.3
1/1/1950,0.3
1/2/1950,0.6
1/3/1950,0.6
1/4/1950,0.5
1/5/1950,0.4
1/6/1950,0.3
1/7/1950,0.3
1/8/1950,4.3
1/9/1950,2
1/10/1950,7.6
1/11/1950,6
1/12/1950,5
1/13/1950,1.6
1/14/1950,25
1/15/1950,2.9
1/16/1950,43
1/17/1950,610
1/18/1950,111
1/19/1950,40
1/20/1950,21
1/21/1950,15
1/22/1950,13
1/23/1950,16
1/24/1950,14
1/25/1950,11
1/26/1950,9.7
1/27/1950,22
1/28/1950,170
1/29/1950,53
1/30/1950,33
1/31/1950,24
2/1/1950,20
2/2/1950,17
2/3/1950,16
2/4/1950,149
2/5/1950,75
2/6/1950,147
2/7/1950,66
2/8/1950,48
2/9/1950,42
2/10/1950,49
2/11/1950,34
2/12/1950,28
2/13/1950,25
2/14/1950,23
2/15/1950,21
2/16/1950,19
2/17/1950,18
2/18/1950,17
2/19/1950,16
2/20/1950,15
2/21/1950,14
2/22/1950,13
2/23/1950,13
2/24/1950,13
2/25/1950,12
2/26/1950,12
2/27/1950,11
2/28/1950,11
3/1/1950,11
3/2/1950,10
3/3/1950,10
3/4/1950,10
3/5/1950,10
3/6/1950,9.4
3/7/1950,9.1
3/8/1950,8.8
3/9/1950,8.5
3/10/1950,8.2
3/11/1950,9.4
3/12/1950,7.9
3/13/1950,7.9
3/14/1950,7.9
3/15/1950,7.6
3/16/1950,7.6
3/17/1950,8.5
3/18/1950,7.9
3/19/1950,11
3/20/1950,8.8
3/21/1950,7.9
3/22/1950,9.4
3/23/1950,14
3/24/1950,131
3/25/1950,46
3/26/1950,27
3/27/1950,20
3/28/1950,18
3/29/1950,15
3/30/1950,14
3/31/1950,12
4/1/1950,11
4/2/1950,10
4/3/1950,10
4/4/1950,9.4
4/5/1950,8.8
4/6/1950,11
4/7/1950,32
4/8/1950,56
4/9/1950,28
4/10/1950,18
4/11/1950,16
4/12/1950,15
4/13/1950,14
4/14/1950,13
4/15/1950,12
4/16/1950,11
4/17/1950,10
4/18/1950,9.7
4/19/1950,9.1
4/20/1950,8.5
4/21/1950,8.2
4/22/1950,7.9
4/23/1950,7.6
4/24/1950,7.3
4/25/1950,7.1
4/26/1950,7.1
4/27/1950,6.8
4/28/1950,6.5
4/29/1950,6.2
4/30/1950,6
5/1/1950,9.1
5/2/1950,8.5
5/3/1950,8.8
5/4/1950,6.5
5/5/1950,6.2
5/6/1950,6
5/7/1950,5.7
5/8/1950,5.5
5/9/1950,5.2
5/10/1950,5
5/11/1950,4.7
5/12/1950,4.7
5/13/1950,5.2
5/14/1950,5.2
5/15/1950,5.2
5/16/1950,5
5/17/1950,4.7
5/18/1950,4.5
5/19/1950,3.8
5/20/1950,3.8
5/21/1950,3.3
5/22/1950,3.3
5/23/1950,3.1
5/24/1950,3.1
5/25/1950,3.1
5/26/1950,3.1
5/27/1950,2.9
5/28/1950,2.7
5/29/1950,2.5
5/30/1950,1.6
5/31/1950,1.6
6/1/1950,2.1
6/2/1950,2.1
6/3/1950,2
6/4/1950,2
6/5/1950,2.1
6/6/1950,2.1
6/7/1950,2.1
6/8/1950,2
6/9/1950,2.3
6/10/1950,2.5
6/11/1950,2.7
6/12/1950,2.5
6/13/1950,2.3
6/14/1950,2.7
6/15/1950,2.9
6/16/1950,2.7
6/17/1950,2.5
6/18/1950,2.3
6/19/1950,2
6/20/1950,1.4
6/21/1950,1.3
6/22/1950,1.6
6/23/1950,1.3
6/24/1950,1.2
6/25/1950,1
6/26/1950,0.9
6/27/1950,0.8
6/28/1950,0.6
6/29/1950,0.4
6/30/1950,0.3
7/1/1950,0.1
7/2/1950,0.1
7/3/1950,0.1
7/4/1950,0.1
7/5/1950,0.1
7/6/1950,0
7/7/1950,0
7/8/1950,0
7/9/1950,0
7/10/1950,0
7/11/1950,0
7/12/1950,0
7/13/1950,0
7/14/1950,0
7/15/1950,0
7/16/1950,0
7/17/1950,0
7/18/1950,0
7/19/1950,0
7/20/1950,0
7/21/1950,0
7/22/1950,0
7/23/1950,0
7/24/1950,0
7/25/1950,0
7/26/1950,0
7/27/1950,0
7/28/1950,0
7/29/1950,0
7/30/1950,0
7/31/1950,0
8/1/1950,0
8/2/1950,0
8/3/1950,0
8/4/1950,0
8/5/1950,0
8/6/1950,0
8/7/1950,0
8/8/1950,0
8/9/1950,0
8/10/1950,0
8/11/1950,0
8/12/1950,0
8/13/1950,0
8/14/1950,0
8/15/1950,0
8/16/1950,0
8/17/1950,0
8/18/1950,0
8/19/1950,0
8/20/1950,0
8/21/1950,0
8/22/1950,0
8/23/1950,0
8/24/1950,0
8/25/1950,0
8/26/1950,0
8/27/1950,0
8/28/1950,0
8/29/1950,0
8/30/1950,0
8/31/1950,0
9/1/1950,0
9/2/1950,0
9/3/1950,0
9/4/1950,0
9/5/1950,0
9/6/1950,0
9/7/1950,0
9/8/1950,0
9/9/1950,0
9/10/1950,0
9/11/1950,0
9/12/1950,0
9/13/1950,0
9/14/1950,0
9/15/1950,0
9/16/1950,0
9/17/1950,0
9/18/1950,0
9/19/1950,0
9/20/1950,0
9/21/1950,0
9/22/1950,0
9/23/1950,0
9/24/1950,0
9/25/1950,0
9/26/1950,0
9/27/1950,0
9/28/1950,0
9/29/1950,0
9/30/1950,0
10/1/1950,0
10/2/1950,0
10/3/1950,0
10/4/1950,0
10/5/1950,0
10/6/1950,0
10/7/1950,0
10/8/1950,0
10/9/1950,0
10/10/1950,0
10/11/1950,0
10/12/1950,0
10/13/1950,0
10/14/1950,0
10/15/1950,0
10/16/1950,0
10/17/1950,0
10/18/1950,0
10/19/1950,0
10/20/1950,0
10/21/1950,0
10/22/1950,0
10/23/1950,0.1
10/24/1950,0
10/25/1950,0
10/26/1950,0.2
10/27/1950,0
10/28/1950,0
10/29/1950,0.8
10/30/1950,0.3
10/31/1950,0.1
11/1/1950,0.1
11/2/1950,0.1
11/3/1950,0.1
11/4/1950,0.1
11/5/1950,0.1
11/6/1950,0.1
11/7/1950,0.1
11/8/1950,0.1
11/9/1950,0.1
11/10/1950,0.1
11/11/1950,0.1
11/12/1950,0.1
11/13/1950,0.1
11/14/1950,0.1
11/15/1950,0.1
11/16/1950,2
11/17/1950,1
11/18/1950,256
11/19/1950,134
11/20/1950,255
11/21/1950,122
11/22/1950,40
11/23/1950,20
11/24/1950,14
11/25/1950,12
11/26/1950,10
11/27/1950,9.4
11/28/1950,8.2
11/29/1950,7.6
11/30/1950,9.7
12/1/1950,7.6
12/2/1950,8.7
12/3/1950,666
12/4/1950,307
12/5/1950,128
12/6/1950,208
12/7/1950,344
12/8/1950,554
12/9/1950,194
12/10/1950,124
12/11/1950,93
12/12/1950,74
12/13/1950,72
12/14/1950,212
12/15/1950,102
12/16/1950,80
12/17/1950,71
12/18/1950,66
12/19/1950,59
12/20/1950,54
12/21/1950,49
12/22/1950,46
12/23/1950,43
12/24/1950,40
12/25/1950,38
12/26/1950,35
12/27/1950,31
12/28/1950,30
12/29/1950,28
12/30/1950,27
12/31/1950,25
1/1/1951,23
1/2/1951,23
1/3/1951,34
1/4/1951,27
1/5/1951,23
1/6/1951,21
1/7/1951,20
1/8/1951,20
1/9/1951,20
1/10/1951,42
1/11/1951,108
1/12/1951,53
1/13/1951,39
1/14/1951,35
1/15/1951,45
1/16/1951,41
1/17/1951,40
1/18/1951,375
1/19/1951,146
1/20/1951,93
1/21/1951,128
1/22/1951,435
1/23/1951,148
1/24/1951,109
1/25/1951,90
1/26/1951,77
1/27/1951,67
1/28/1951,62
1/29/1951,58
1/30/1951,51
1/31/1951,46
2/1/1951,44
2/2/1951,40
2/3/1951,38
2/4/1951,97
2/5/1951,232
2/6/1951,84
2/7/1951,69
2/8/1951,63
2/9/1951,57
2/10/1951,54
2/11/1951,63
2/12/1951,57
2/13/1951,47
2/14/1951,45
2/15/1951,41
2/16/1951,38
2/17/1951,38
2/18/1951,40
2/19/1951,33
2/20/1951,32
2/21/1951,33
2/22/1951,30
2/23/1951,27
2/24/1951,26
2/25/1951,25
2/26/1951,25
2/27/1951,23
2/28/1951,24
3/1/1951,25
3/2/1951,22
3/3/1951,21
3/4/1951,157
3/5/1951,301
3/6/1951,171
3/7/1951,156
3/8/1951,105
3/9/1951,94
3/10/1951,73
3/11/1951,64
3/12/1951,57
3/13/1951,53
3/14/1951,47
3/15/1951,45
3/16/1951,42
3/17/1951,38
3/18/1951,35
3/19/1951,33
3/20/1951,31
3/21/1951,30
3/22/1951,28
3/23/1951,26
3/24/1951,25
3/25/1951,25
3/26/1951,24
3/27/1951,22
3/28/1951,21
3/29/1951,20
3/30/1951,20
3/31/1951,19
4/1/1951,18
4/2/1951,18
4/3/1951,17
4/4/1951,16
4/5/1951,16
4/6/1951,15
4/7/1951,15
4/8/1951,15
4/9/1951,14
4/10/1951,13
4/11/1951,13
4/12/1951,13
4/13/1951,13
4/14/1951,13
4/15/1951,13
4/16/1951,13
4/17/1951,12
4/18/1951,12
4/19/1951,12
4/20/1951,12
4/21/1951,11
4/22/1951,11
4/23/1951,11
4/24/1951,11
4/25/1951,12
4/26/1951,11
4/27/1951,10
4/28/1951,21
4/29/1951,11
4/30/1951,10
5/1/1951,11
5/2/1951,10
5/3/1951,13
5/4/1951,12
5/5/1951,9.4
5/6/1951,9.4
5/7/1951,8.8
5/8/1951,8.5
5/9/1951,8
5/10/1951,7.6
5/11/1951,7.3
5/12/1951,7.3
5/13/1951,7.3
5/14/1951,7.1
5/15/1951,6.5
5/16/1951,6
5/17/1951,6
5/18/1951,6
5/19/1951,5.7
5/20/1951,5.7
5/21/1951,5.2
5/22/1951,5.2
5/23/1951,5.2
5/24/1951,5.2
5/25/1951,5.2
5/26/1951,4.5
5/27/1951,4.2
5/28/1951,4
5/29/1951,3.6
5/30/1951,3.8
5/31/1951,3.3
6/1/1951,2.5
6/2/1951,2.9
6/3/1951,3.3
6/4/1951,3.8
6/5/1951,4
6/6/1951,4
6/7/1951,4
6/8/1951,3.8
6/9/1951,3.3
6/10/1951,3.3
6/11/1951,3.1
6/12/1951,3.1
6/13/1951,2.3
6/14/1951,2.1
6/15/1951,2.1
6/16/1951,2.1
6/17/1951,2.1
6/18/1951,2.1
6/19/1951,1.6
6/20/1951,2.1
6/21/1951,2.5
6/22/1951,2.5
6/23/1951,2.1
6/24/1951,2
6/25/1951,1.8
6/26/1951,2
6/27/1951,2
6/28/1951,2
6/29/1951,2
6/30/1951,2.3
7/1/1951,2.9
7/2/1951,2.9
7/3/1951,2.7
7/4/1951,2.5
7/5/1951,2.3
7/6/1951,1.6
7/7/1951,1.8
7/8/1951,1.4
7/9/1951,1.3
7/10/1951,1.3
7/11/1951,1.6
7/12/1951,2
7/13/1951,2.3
7/14/1951,2.1
7/15/1951,1.8
7/16/1951,1.4
7/17/1951,1
7/18/1951,0.6
7/19/1951,0.3
7/20/1951,0.3
7/21/1951,0.4
7/22/1951,0.4
7/23/1951,0.6
7/24/1951,1.2
7/25/1951,1.3
7/26/1951,1.2
7/27/1951,1
7/28/1951,0.8
7/29/1951,0.5
7/30/1951,0.4
7/31/1951,0.3
8/1/1951,0.3
8/2/1951,0.5
8/3/1951,0.9
8/4/1951,0.9
8/5/1951,0.8
8/6/1951,0.8
8/7/1951,0.8
8/8/1951,0.8
8/9/1951,0.6
8/10/1951,0.6
8/11/1951,0.8
8/12/1951,0.8
8/13/1951,0.8
8/14/1951,0.6
8/15/1951,0.5
8/16/1951,0.2
8/17/1951,0.1
8/18/1951,0.1
8/19/1951,0.1
8/20/1951,0.1
8/21/1951,0.4
8/22/1951,0.2
8/23/1951,0.1
8/24/1951,0.1
8/25/1951,0.1
8/26/1951,0.1
8/27/1951,0.1
8/28/1951,0.1
8/29/1951,0.1
8/30/1951,0.1
8/31/1951,0.1
9/1/1951,0.1
9/2/1951,0.1
9/3/1951,0.1
9/4/1951,0.1
9/5/1951,0.1
9/6/1951,0.1
9/7/1951,0.1
9/8/1951,0.1
9/9/1951,0.1
9/10/1951,0.1
9/11/1951,0.1
9/12/1951,0.1
9/13/1951,0.1
9/14/1951,0.1
9/15/1951,0.1
9/16/1951,0.1
9/17/1951,0.1
9/18/1951,0.1
9/19/1951,0.1
9/20/1951,0.1
9/21/1951,0.1
9/22/1951,0.1
9/23/1951,0.1
9/24/1951,0.1
9/25/1951,0.1
9/26/1951,0.1
9/27/1951,0.1
9/28/1951,0.1
9/29/1951,0.1
9/30/1951,0.1
10/1/1951,0.3
10/2/1951,0.4
10/3/1951,0.9
10/4/1951,0.8
10/5/1951,0.6
10/6/1951,0.3
10/7/1951,0
10/8/1951,0
10/9/1951,0
10/10/1951,0
10/11/1951,0
10/12/1951,0
10/13/1951,0
10/14/1951,0
10/15/1951,0
10/16/1951,0
10/17/1951,0
10/18/1951,0
10/19/1951,0
10/20/1951,0
10/21/1951,0
10/22/1951,0
10/23/1951,0
10/24/1951,2.3
10/25/1951,4.4
10/26/1951,0.6
10/27/1951,0.3
10/28/1951,0.2
10/29/1951,0.1
10/30/1951,0.1
10/31/1951,0.3
11/1/1951,0.3
11/2/1951,0.3
11/3/1951,0.3
11/4/1951,0.3
11/5/1951,0.2
11/6/1951,0.1
11/7/1951,0.2
11/8/1951,0.3
11/9/1951,0.5
11/10/1951,0.6
11/11/1951,1
11/12/1951,8.1
11/13/1951,2.3
11/14/1951,1.2
11/15/1951,0.8
11/16/1951,0.4
11/17/1951,0.3
11/18/1951,0.3
11/19/1951,1.8
11/20/1951,4
11/21/1951,9.7
11/22/1951,4.2
11/23/1951,2.5
11/24/1951,1.6
11/25/1951,1.2
11/26/1951,2.1
11/27/1951,3.8
11/28/1951,2.5
11/29/1951,2
11/30/1951,2
12/1/1951,78
12/2/1951,13
12/3/1951,165
12/4/1951,145
12/5/1951,66
12/6/1951,29
12/7/1951,18
12/8/1951,14
12/9/1951,12
12/10/1951,11
12/11/1951,10
12/12/1951,9.4
12/13/1951,8.8
12/14/1951,8.5
12/15/1951,8.2
12/16/1951,8.2
12/17/1951,8.2
12/18/1951,12
12/19/1951,13
12/20/1951,9.4
12/21/1951,8.5
12/22/1951,8.5
12/23/1951,8.5
12/24/1951,8.5
12/25/1951,9.7
12/26/1951,10
12/27/1951,9.4
12/28/1951,380
12/29/1951,458
12/30/1951,268
12/31/1951,106
1/1/1952,62
1/2/1952,42
1/3/1952,32
1/4/1952,26
1/5/1952,23
1/6/1952,66
1/7/1952,52
1/8/1952,66
1/9/1952,44
1/10/1952,39
1/11/1952,367
1/12/1952,1240
1/13/1952,379
1/14/1952,729
1/15/1952,735
1/16/1952,432
1/17/1952,295
1/18/1952,181
1/19/1952,128
1/20/1952,143
1/21/1952,138
1/22/1952,107
1/23/1952,93
1/24/1952,209
1/25/1952,430
1/26/1952,331
1/27/1952,188
1/28/1952,140
1/29/1952,114
1/30/1952,102
1/31/1952,90
2/1/1952,224
2/2/1952,120
2/3/1952,93
2/4/1952,83
2/5/1952,75
2/6/1952,68
2/7/1952,63
2/8/1952,56
2/9/1952,52
2/10/1952,48
2/11/1952,62
2/12/1952,46
2/13/1952,40
2/14/1952,38
2/15/1952,36
2/16/1952,44
2/17/1952,38
2/18/1952,42
2/19/1952,38
2/20/1952,118
2/21/1952,66
2/22/1952,57
2/23/1952,55
2/24/1952,50
2/25/1952,46
2/26/1952,43
2/27/1952,41
2/28/1952,38
2/29/1952,37
3/1/1952,34
3/2/1952,31
3/3/1952,41
3/4/1952,34
3/5/1952,30
3/6/1952,123
3/7/1952,72
3/8/1952,62
3/9/1952,52
3/10/1952,49
3/11/1952,45
3/12/1952,55
3/13/1952,46
3/14/1952,124
3/15/1952,275
3/16/1952,136
3/17/1952,102
3/18/1952,185
3/19/1952,235
3/20/1952,118
3/21/1952,96
3/22/1952,83
3/23/1952,74
3/24/1952,68
3/25/1952,61
3/26/1952,54
3/27/1952,51
3/28/1952,47
3/29/1952,44
3/30/1952,41
3/31/1952,39
4/1/1952,37
4/2/1952,35
4/3/1952,33
4/4/1952,31
4/5/1952,29
4/6/1952,28
4/7/1952,37
4/8/1952,28
4/9/1952,28
4/10/1952,53
4/11/1952,28
4/12/1952,26
4/13/1952,32
4/14/1952,28
4/15/1952,25
4/16/1952,22
4/17/1952,21
4/18/1952,20
4/19/1952,19
4/20/1952,18
4/21/1952,17
4/22/1952,17
4/23/1952,16
4/24/1952,16
4/25/1952,15
4/26/1952,15
4/27/1952,15
4/28/1952,15
4/29/1952,14
4/30/1952,14
5/1/1952,15
5/2/1952,14
5/3/1952,13
5/4/1952,13
5/5/1952,13
5/6/1952,13
5/7/1952,13
5/8/1952,12
5/9/1952,12
5/10/1952,11
5/11/1952,10
5/12/1952,10
5/13/1952,10
5/14/1952,9.4
5/15/1952,9.1
5/16/1952,7.9
5/17/1952,7.9
5/18/1952,7.6
5/19/1952,7.3
5/20/1952,6.5
5/21/1952,6.8
5/22/1952,6.8
5/23/1952,6.5
5/24/1952,5.7
5/25/1952,5.7
5/26/1952,6
5/27/1952,6.2
5/28/1952,5.5
5/29/1952,5.5
5/30/1952,5.3
5/31/1952,5.2
6/1/1952,5.2
6/2/1952,5.2
6/3/1952,5.5
6/4/1952,5.5
6/5/1952,5.5
6/6/1952,5.2
6/7/1952,5.5
6/8/1952,5.2
6/9/1952,4.7
6/10/1952,5
6/11/1952,5
6/12/1952,4.7
6/13/1952,4.5
6/14/1952,4.7
6/15/1952,4.5
6/16/1952,4.5
6/17/1952,4
6/18/1952,3.8
6/19/1952,3.6
6/20/1952,3.8
6/21/1952,3.6
6/22/1952,3.3
6/23/1952,3.6
6/24/1952,3.8
6/25/1952,3.6
6/26/1952,3.6
6/27/1952,3.6
6/28/1952,4
6/29/1952,4.7
6/30/1952,4
7/1/1952,3.3
7/2/1952,2.9
7/3/1952,2.9
7/4/1952,2.5
7/5/1952,2.5
7/6/1952,2.5
7/7/1952,2.5
7/8/1952,2.5
7/9/1952,2.5
7/10/1952,2.5
7/11/1952,2.5
7/12/1952,2.3
7/13/1952,2.3
7/14/1952,2.7
7/15/1952,2.7
7/16/1952,2.3
7/17/1952,2.3
7/18/1952,2.3
7/19/1952,2.1
7/20/1952,2
7/21/1952,1.8
7/22/1952,1.8
7/23/1952,1.6
7/24/1952,1.4
7/25/1952,1.3
7/26/1952,1.2
7/27/1952,1.2
7/28/1952,1.2
7/29/1952,1
7/30/1952,1.2
7/31/1952,1.2
8/1/1952,1
8/2/1952,0.8
8/3/1952,0.9
8/4/1952,1
8/5/1952,1
8/6/1952,0.9
8/7/1952,0.5
8/8/1952,0.5
8/9/1952,0.5
8/10/1952,0.9
8/11/1952,1.3
8/12/1952,1.3
8/13/1952,1.3
8/14/1952,1.4
8/15/1952,1.3
8/16/1952,1.2
8/17/1952,0.9
8/18/1952,0.6
8/19/1952,0.6
8/20/1952,0.5
8/21/1952,0.4
8/22/1952,0.6
8/23/1952,0.6
8/24/1952,0.4
8/25/1952,0.5
8/26/1952,0.6
8/27/1952,0.5
8/28/1952,0.5
8/29/1952,0.5
8/30/1952,0.5
8/31/1952,0.4
9/1/1952,0.1
9/2/1952,0.1
9/3/1952,0.1
9/4/1952,0.1
9/5/1952,0.1
9/6/1952,0.3
9/7/1952,0.3
9/8/1952,0.3
9/9/1952,0.5
9/10/1952,0.5
9/11/1952,0.6
9/12/1952,0.8
9/13/1952,0.8
9/14/1952,0.5
9/15/1952,0.2
9/16/1952,0.2
9/17/1952,0.2
9/18/1952,0.2
9/19/1952,0.3
9/20/1952,0.5
9/21/1952,0.6
9/22/1952,0.3
9/23/1952,0.2
9/24/1952,0.1
9/25/1952,0
9/26/1952,0
9/27/1952,0.1
9/28/1952,0
9/29/1952,0.1
9/30/1952,0.1
10/1/1952,0.1
10/2/1952,0.1
10/3/1952,0.1
10/4/1952,0.1
10/5/1952,0.1
10/6/1952,0.2
10/7/1952,0.3
10/8/1952,0.4
10/9/1952,0.5
10/10/1952,0.6
10/11/1952,0.8
10/12/1952,1.6
10/13/1952,1.6
10/14/1952,1.8
10/15/1952,1.8
10/16/1952,1.4
10/17/1952,1.4
10/18/1952,0.8
10/19/1952,0.8
10/20/1952,0.8
10/21/1952,0.8
10/22/1952,1.2
10/23/1952,1.2
10/24/1952,1.2
10/25/1952,1.2
10/26/1952,1
10/27/1952,1
10/28/1952,1
10/29/1952,1
10/30/1952,1
10/31/1952,1
11/1/1952,0.9
11/2/1952,0.8
11/3/1952,0.5
11/4/1952,0.3
11/5/1952,0.2
11/6/1952,0.2
11/7/1952,0.2
11/8/1952,0.2
11/9/1952,0.2
11/10/1952,0.3
11/11/1952,0.3
11/12/1952,0.5
11/13/1952,2.4
11/14/1952,7.4
11/15/1952,9.6
11/16/1952,2
11/17/1952,1
11/18/1952,0.6
11/19/1952,0.4
11/20/1952,0.6
11/21/1952,0.5
11/22/1952,0.3
11/23/1952,0.3
11/24/1952,0.3
11/25/1952,0.6
11/26/1952,0.9
11/27/1952,1
11/28/1952,1
11/29/1952,1
11/30/1952,1
12/1/1952,41
12/2/1952,9
12/3/1952,4.5
12/4/1952,3.3
12/5/1952,32
12/6/1952,11
12/7/1952,346
12/8/1952,43
12/9/1952,23
12/10/1952,18
12/11/1952,13
12/12/1952,10
12/13/1952,9.1
12/14/1952,8.8
12/15/1952,8.5
12/16/1952,8.5
12/17/1952,8.2
12/18/1952,7.9
12/19/1952,34
12/20/1952,26
12/21/1952,14
12/22/1952,13
12/23/1952,13
12/24/1952,12
12/25/1952,11
12/26/1952,12
12/27/1952,54
12/28/1952,21
12/29/1952,18
12/30/1952,103
12/31/1952,54
1/1/1953,43
1/2/1953,37
1/3/1953,30
1/4/1953,25
1/5/1953,25
1/6/1953,99
1/7/1953,172
1/8/1953,102
1/9/1953,67
1/10/1953,54
1/11/1953,46
1/12/1953,79
1/13/1953,95
1/14/1953,83
1/15/1953,59
1/16/1953,51
1/17/1953,51
1/18/1953,55
1/19/1953,65
1/20/1953,160
1/21/1953,89
1/22/1953,68
1/23/1953,59
1/24/1953,54
1/25/1953,47
1/26/1953,42
1/27/1953,38
1/28/1953,36
1/29/1953,32
1/30/1953,30
1/31/1953,28
2/1/1953,26
2/2/1953,25
2/3/1953,24
2/4/1953,23
2/5/1953,23
2/6/1953,22
2/7/1953,21
2/8/1953,20
2/9/1953,19
2/10/1953,17
2/11/1953,17
2/12/1953,17
2/13/1953,16
2/14/1953,15
2/15/1953,15
2/16/1953,14
2/17/1953,14
2/18/1953,14
2/19/1953,13
2/20/1953,13
2/21/1953,12
2/22/1953,12
2/23/1953,12
2/24/1953,11
2/25/1953,11
2/26/1953,12
2/27/1953,11
2/28/1953,12
3/1/1953,12
3/2/1953,12
3/3/1953,11
3/4/1953,11
3/5/1953,11
3/6/1953,10
3/7/1953,10
3/8/1953,10
3/9/1953,10
3/10/1953,12
3/11/1953,12
3/12/1953,12
3/13/1953,12
3/14/1953,11
3/15/1953,10
3/16/1953,10
3/17/1953,10
3/18/1953,11
3/19/1953,31
3/20/1953,18
3/21/1953,51
3/22/1953,15
3/23/1953,13
3/24/1953,12
3/25/1953,11
3/26/1953,10
3/27/1953,10
3/28/1953,9.7
3/29/1953,9.7
3/30/1953,9.4
3/31/1953,8.2
4/1/1953,8.5
4/2/1953,8.5
4/3/1953,8.2
4/4/1953,8.5
4/5/1953,8.5
4/6/1953,8.5
4/7/1953,8.8
4/8/1953,9.1
4/9/1953,9.1
4/10/1953,10
4/11/1953,8.8
4/12/1953,8.5
4/13/1953,7.9
4/14/1953,7.3
4/15/1953,7.1
4/16/1953,7.3
4/17/1953,7.1
4/18/1953,6.8
4/19/1953,7.9
4/20/1953,9.1
4/21/1953,7.3
4/22/1953,7.3
4/23/1953,7.1
4/24/1953,7.1
4/25/1953,6.8
4/26/1953,7.1
4/27/1953,26
4/28/1953,8.5
4/29/1953,6.5
4/30/1953,9.8
5/1/1953,6.8
5/2/1953,6.2
5/3/1953,6
5/4/1953,5.5
5/5/1953,5
5/6/1953,5
5/7/1953,4.7
5/8/1953,4.5
5/9/1953,4.5
5/10/1953,4.2
5/11/1953,4
5/12/1953,3.6
5/13/1953,3.6
5/14/1953,3.6
5/15/1953,4
5/16/1953,3.8
5/17/1953,4.2
5/18/1953,4.2
5/19/1953,4.5
5/20/1953,4.2
5/21/1953,5.1
5/22/1953,3.8
5/23/1953,4.2
5/24/1953,3.8
5/25/1953,6.1
5/26/1953,3.8
5/27/1953,3.1
5/28/1953,3.1
5/29/1953,2.9
5/30/1953,2.7
5/31/1953,2.5
6/1/1953,2.5
6/2/1953,2.3
6/3/1953,2
6/4/1953,1.8
6/5/1953,1.8
6/6/1953,3.8
6/7/1953,3.1
6/8/1953,2.3
6/9/1953,2.1
6/10/1953,2.1
6/11/1953,2
6/12/1953,2
6/13/1953,1.8
6/14/1953,1.8
6/15/1953,1.4
6/16/1953,1.4
6/17/1953,1.4
6/18/1953,1.4
6/19/1953,1.4
6/20/1953,1.4
6/21/1953,1.3
6/22/1953,1.5
6/23/1953,1.4
6/24/1953,0.6
6/25/1953,0.8
6/26/1953,0.8
6/27/1953,1.2
6/28/1953,1.3
6/29/1953,1.6
6/30/1953,1.6
7/1/1953,1.6
7/2/1953,1.3
7/3/1953,1.6
7/4/1953,1.2
7/5/1953,1
7/6/1953,0.9
7/7/1953,0.9
7/8/1953,0.6
7/9/1953,0.8
7/10/1953,2.1
7/11/1953,3.1
7/12/1953,3.4
7/13/1953,3.9
7/14/1953,3
7/15/1953,3.3
7/16/1953,2.8
7/17/1953,4.5
7/18/1953,3.7
7/19/1953,4.8
7/20/1953,2.6
7/21/1953,0.4
7/22/1953,0
7/23/1953,0
7/24/1953,0
7/25/1953,0.1
7/26/1953,0.1
7/27/1953,0.1
7/28/1953,0.1
7/29/1953,0.1
7/30/1953,0.1
7/31/1953,0.2
8/1/1953,0.2
8/2/1953,0.3
8/3/1953,0.9
8/4/1953,1.3
8/5/1953,1.3
8/6/1953,1.3
8/7/1953,1.3
8/8/1953,1
8/9/1953,0.6
8/10/1953,0.2
8/11/1953,0.1
8/12/1953,0.1
8/13/1953,0.1
8/14/1953,0.1
8/15/1953,0.1
8/16/1953,0.1
8/17/1953,0.1
8/18/1953,0.1
8/19/1953,0.1
8/20/1953,0.1
8/21/1953,0.1
8/22/1953,0.1
8/23/1953,0
8/24/1953,0
8/25/1953,0
8/26/1953,0
8/27/1953,0
8/28/1953,0
8/29/1953,0
8/30/1953,0
8/31/1953,0.2
9/1/1953,0.2
9/2/1953,0.1
9/3/1953,0
9/4/1953,0
9/5/1953,0
9/6/1953,0
9/7/1953,0
9/8/1953,0
9/9/1953,0
9/10/1953,0
9/11/1953,0
9/12/1953,0
9/13/1953,0
9/14/1953,0
9/15/1953,0
9/16/1953,0
9/17/1953,0
9/18/1953,0
9/19/1953,0
9/20/1953,0
9/21/1953,0
9/22/1953,0
9/23/1953,0
9/24/1953,0
9/25/1953,0
9/26/1953,0
9/27/1953,0
9/28/1953,0
9/29/1953,0
9/30/1953,0
10/1/1953,0
10/2/1953,0
10/3/1953,0
10/4/1953,0
10/5/1953,0
10/6/1953,0
10/7/1953,0
10/8/1953,0
10/9/1953,0
10/10/1953,0
10/11/1953,0
10/12/1953,0
10/13/1953,0
10/14/1953,0
10/15/1953,0
10/16/1953,0
10/17/1953,0
10/18/1953,0
10/19/1953,0
10/20/1953,0
10/21/1953,0
10/22/1953,0
10/23/1953,0
10/24/1953,0
10/25/1953,0
10/26/1953,0
10/27/1953,0
10/28/1953,0
10/29/1953,0
10/30/1953,0
10/31/1953,0
11/1/1953,0
11/2/1953,0
11/3/1953,0
11/4/1953,0
11/5/1953,0
11/6/1953,0
11/7/1953,0
11/8/1953,0
11/9/1953,0
11/10/1953,0
11/11/1953,0
11/12/1953,0
11/13/1953,0.7
11/14/1953,3.9
11/15/1953,0.5
11/16/1953,0.2
11/17/1953,0.4
11/18/1953,0.3
11/19/1953,0.4
11/20/1953,0.6
11/21/1953,0.6
11/22/1953,0.6
11/23/1953,0.6
11/24/1953,0.6
11/25/1953,0.6
11/26/1953,0.6
11/27/1953,0.6
11/28/1953,0.6
11/29/1953,0.6
11/30/1953,0.6
12/1/1953,0.8
12/2/1953,1
12/3/1953,2.7
12/4/1953,10
12/5/1953,1.5
12/6/1953,1.2
12/7/1953,1.9
12/8/1953,1.2
12/9/1953,1
12/10/1953,1
12/11/1953,1
12/12/1953,1
12/13/1953,1
12/14/1953,1
12/15/1953,1
12/16/1953,1
12/17/1953,1.1
12/18/1953,1.1
12/19/1953,0.9
12/20/1953,0.9
12/21/1953,1.1
12/22/1953,0.9
12/23/1953,0.8
12/24/1953,0.8
12/25/1953,0.8
12/26/1953,0.9
12/27/1953,0.8
12/28/1953,0.9
12/29/1953,0.9
12/30/1953,1
12/31/1953,1.1
1/1/1954,1.1
1/2/1954,1.2
1/3/1954,1.5
1/4/1954,1.5
1/5/1954,1.4
1/6/1954,1.4
1/7/1954,2.1
1/8/1954,2.1
1/9/1954,1.4
1/10/1954,1.8
1/11/1954,1.9
1/12/1954,1.1
1/13/1954,0.8
1/14/1954,0.8
1/15/1954,0.8
1/16/1954,2
1/17/1954,48
1/18/1954,6.2
1/19/1954,3.3
1/20/1954,2.3
1/21/1954,1.9
1/22/1954,1.9
1/23/1954,4.5
1/24/1954,9.6
1/25/1954,7
1/26/1954,3.3
1/27/1954,2.8
1/28/1954,2.3
1/29/1954,2.1
1/30/1954,1.9
1/31/1954,1.9
2/1/1954,1.9
2/2/1954,1.9
2/3/1954,1.7
2/4/1954,1.7
2/5/1954,1.7
2/6/1954,1.7
2/7/1954,1.5
2/8/1954,1.5
2/9/1954,1.5
2/10/1954,1.5
2/11/1954,1.5
2/12/1954,4.5
2/13/1954,57
2/14/1954,113
2/15/1954,18
2/16/1954,10
2/17/1954,53
2/18/1954,32
2/19/1954,16
2/20/1954,12
2/21/1954,10
2/22/1954,8.2
2/23/1954,7.4
2/24/1954,6.6
2/25/1954,5.8
2/26/1954,5.5
2/27/1954,5.2
2/28/1954,4.9
3/1/1954,4.9
3/2/1954,4.5
3/3/1954,4.9
3/4/1954,4.5
3/5/1954,4.5
3/6/1954,4.5
3/7/1954,4.2
3/8/1954,5.5
3/9/1954,7.4
3/10/1954,7.4
3/11/1954,4.9
3/12/1954,4.2
3/13/1954,3.6
3/14/1954,3.6
3/15/1954,3.6
3/16/1954,22
3/17/1954,12
3/18/1954,7.4
3/19/1954,21
3/20/1954,12
3/21/1954,12
3/22/1954,9.6
3/23/1954,8.7
3/24/1954,7.8
3/25/1954,8.7
3/26/1954,6.6
3/27/1954,6.2
3/28/1954,6.2
3/29/1954,9.8
3/30/1954,15
3/31/1954,7.8
4/1/1954,7
4/2/1954,7
4/3/1954,6.6
4/4/1954,7
4/5/1954,12
4/6/1954,10
4/7/1954,7.8
4/8/1954,7
4/9/1954,6.6
4/10/1954,6.2
4/11/1954,5.8
4/12/1954,5.8
4/13/1954,5.8
4/14/1954,5.8
4/15/1954,5.5
4/16/1954,4.9
4/17/1954,4.2
4/18/1954,4.2
4/19/1954,3.6
4/20/1954,2.8
4/21/1954,2.5
4/22/1954,3
4/23/1954,2.5
4/24/1954,2.8
4/25/1954,3
4/26/1954,3
4/27/1954,13
4/28/1954,7.4
4/29/1954,3.6
4/30/1954,3
5/1/1954,2.3
5/2/1954,2.3
5/3/1954,2.8
5/4/1954,4.9
5/5/1954,4.2
5/6/1954,3.9
5/7/1954,1.7
5/8/1954,2.1
5/9/1954,2.5
5/10/1954,2.3
5/11/1954,2.1
5/12/1954,1.9
5/13/1954,1.9
5/14/1954,1.9
5/15/1954,1.7
5/16/1954,1.7
5/17/1954,1.5
5/18/1954,1.5
5/19/1954,1.4
5/20/1954,1.5
5/21/1954,1.4
5/22/1954,1.1
5/23/1954,1
5/24/1954,1.1
5/25/1954,1.1
5/26/1954,1.1
5/27/1954,1
5/28/1954,0.8
5/29/1954,0.8
5/30/1954,0.9
5/31/1954,0.8
6/1/1954,0.8
6/2/1954,0.6
6/3/1954,0.6
6/4/1954,0.6
6/5/1954,0.6
6/6/1954,0.4
6/7/1954,0.4
6/8/1954,0.8
6/9/1954,1.4
6/10/1954,1.7
6/11/1954,1
6/12/1954,1
6/13/1954,1.1
6/14/1954,1
6/15/1954,0.9
6/16/1954,0.8
6/17/1954,0.6
6/18/1954,0.5
6/19/1954,0.6
6/20/1954,0.4
6/21/1954,0.2
6/22/1954,0.2
6/23/1954,0.1
6/24/1954,0.1
6/25/1954,0.1
6/26/1954,0.1
6/27/1954,0.4
6/28/1954,0.4
6/29/1954,0.3
6/30/1954,0.1
7/1/1954,0.1
7/2/1954,0.1
7/3/1954,0
7/4/1954,0
7/5/1954,0
7/6/1954,0
7/7/1954,0
7/8/1954,0
7/9/1954,0
7/10/1954,0
7/11/1954,0
7/12/1954,0.7
7/13/1954,0
7/14/1954,0
7/15/1954,0
7/16/1954,0
7/17/1954,0
7/18/1954,1.9
7/19/1954,1.5
7/20/1954,1.7
7/21/1954,1.6
7/22/1954,0
7/23/1954,0
7/24/1954,0
7/25/1954,0
7/26/1954,0
7/27/1954,0
7/28/1954,0
7/29/1954,0.6
7/30/1954,2.1
7/31/1954,1.7
8/1/1954,2.1
8/2/1954,1.5
8/3/1954,1.4
8/4/1954,2.5
8/5/1954,0
8/6/1954,0
8/7/1954,0
8/8/1954,0
8/9/1954,0
8/10/1954,0
8/11/1954,0
8/12/1954,0
8/13/1954,0.1
8/14/1954,0
8/15/1954,0
8/16/1954,0
8/17/1954,0
8/18/1954,0
8/19/1954,0
8/20/1954,0
8/21/1954,0
8/22/1954,0
8/23/1954,0
8/24/1954,0
8/25/1954,0
8/26/1954,0
8/27/1954,0
8/28/1954,0
8/29/1954,0
8/30/1954,0
8/31/1954,0
9/1/1954,0
9/2/1954,0
9/3/1954,0
9/4/1954,0
9/5/1954,0
9/6/1954,0
9/7/1954,0
9/8/1954,0
9/9/1954,0
9/10/1954,0
9/11/1954,0
9/12/1954,0
9/13/1954,0
9/14/1954,0
9/15/1954,0
9/16/1954,0
9/17/1954,0
9/18/1954,0
9/19/1954,0
9/20/1954,0
9/21/1954,0
9/22/1954,0
9/23/1954,0
9/24/1954,0
9/25/1954,0
9/26/1954,0
9/27/1954,0
9/28/1954,0
9/29/1954,0
9/30/1954,0
10/1/1954,0
10/2/1954,0
10/3/1954,0
10/4/1954,0
10/5/1954,0
10/6/1954,0
10/7/1954,0
10/8/1954,0
10/9/1954,0
10/10/1954,0
10/11/1954,0
10/12/1954,0
10/13/1954,0
10/14/1954,0
10/15/1954,0
10/16/1954,0
10/17/1954,0
10/18/1954,0
10/19/1954,0
10/20/1954,0
10/21/1954,0
10/22/1954,0
10/23/1954,0
10/24/1954,0
10/25/1954,0
10/26/1954,0
10/27/1954,0
10/28/1954,0
10/29/1954,0
10/30/1954,0
10/31/1954,0
11/1/1954,0
11/2/1954,0
11/3/1954,0
11/4/1954,0
11/5/1954,0
11/6/1954,0
11/7/1954,0
11/8/1954,0.1
11/9/1954,0.1
11/10/1954,0
11/11/1954,0.2
11/12/1954,0
11/13/1954,0
11/14/1954,0
11/15/1954,0.3
11/16/1954,0
11/17/1954,0
11/18/1954,0
11/19/1954,0
11/20/1954,0
11/21/1954,0
11/22/1954,0
11/23/1954,0
11/24/1954,0
11/25/1954,0
11/26/1954,0
11/27/1954,0
11/28/1954,0
11/29/1954,0
11/30/1954,0
12/1/1954,0
12/2/1954,5.6
12/3/1954,4.2
12/4/1954,2
12/5/1954,0.9
12/6/1954,2.1
12/7/1954,1.6
12/8/1954,0.6
12/9/1954,18
12/10/1954,5.6
12/11/1954,1
12/12/1954,0.5
12/13/1954,0.4
12/14/1954,0.4
12/15/1954,0.4
12/16/1954,0.3
12/17/1954,0.3
12/18/1954,0.3
12/19/1954,0.3
12/20/1954,0.3
12/21/1954,0.4
12/22/1954,0.4
12/23/1954,0.5
12/24/1954,0.5
12/25/1954,0.5
12/26/1954,0.4
12/27/1954,0.4
12/28/1954,0.3
12/29/1954,0.4
12/30/1954,0.5
12/31/1954,4.9
1/1/1955,47
1/2/1955,5.6
1/3/1955,1.6
1/4/1955,1
1/5/1955,0.8
1/6/1955,0.8
1/7/1955,0.8
1/8/1955,0.8
1/9/1955,2.5
1/10/1955,13
1/11/1955,4.2
1/12/1955,2.7
1/13/1955,2.5
1/14/1955,2.5
1/15/1955,11
1/16/1955,43
1/17/1955,19
1/18/1955,148
1/19/1955,80
1/20/1955,46
1/21/1955,31
1/22/1955,23
1/23/1955,18
1/24/1955,15
1/25/1955,14
1/26/1955,11
1/27/1955,11
1/28/1955,9.8
1/29/1955,9.3
1/30/1955,18
1/31/1955,13
2/1/1955,9.8
2/2/1955,8.4
2/3/1955,7.5
2/4/1955,6.7
2/5/1955,6.7
2/6/1955,6.7
2/7/1955,6.3
2/8/1955,6.3
2/9/1955,6.7
2/10/1955,6.3
2/11/1955,5.9
2/12/1955,5.6
2/13/1955,5.6
2/14/1955,5.6
2/15/1955,5.6
2/16/1955,8.8
2/17/1955,7.5
2/18/1955,5.6
2/19/1955,5.2
2/20/1955,4.9
2/21/1955,4.9
2/22/1955,4.9
2/23/1955,4.9
2/24/1955,4.9
2/25/1955,5.2
2/26/1955,16
2/27/1955,48
2/28/1955,18
3/1/1955,12
3/2/1955,9.8
3/3/1955,8.8
3/4/1955,8
3/5/1955,6.7
3/6/1955,6.3
3/7/1955,5.9
3/8/1955,6.3
3/9/1955,7.5
3/10/1955,6.7
3/11/1955,6.7
3/12/1955,5.9
3/13/1955,5.6
3/14/1955,5.2
3/15/1955,4.9
3/16/1955,4.9
3/17/1955,4.9
3/18/1955,5.2
3/19/1955,4.9
3/20/1955,4.5
3/21/1955,4.5
3/22/1955,4.5
3/23/1955,4.9
3/24/1955,4.9
3/25/1955,4.5
3/26/1955,4.5
3/27/1955,4.2
3/28/1955,4.2
3/29/1955,4.5
3/30/1955,4.5
3/31/1955,3
4/1/1955,3
4/2/1955,2.7
4/3/1955,3
4/4/1955,2.7
4/5/1955,2.5
4/6/1955,2.2
4/7/1955,2.5
4/8/1955,2.7
4/9/1955,2.5
4/10/1955,2.7
4/11/1955,2.7
4/12/1955,2.7
4/13/1955,3
4/14/1955,3
4/15/1955,2.7
4/16/1955,2.7
4/17/1955,7.1
4/18/1955,8.8
4/19/1955,4.5
4/20/1955,4.2
4/21/1955,6.7
4/22/1955,5.9
4/23/1955,4.2
4/24/1955,3.6
4/25/1955,4.9
4/26/1955,7.5
4/27/1955,3.3
4/28/1955,3.3
4/29/1955,3
4/30/1955,2.5
5/1/1955,2.5
5/2/1955,2.5
5/3/1955,2.2
5/4/1955,2.2
5/5/1955,2.5
5/6/1955,2
5/7/1955,3
5/8/1955,7.5
5/9/1955,2.7
5/10/1955,2
5/11/1955,1.8
5/12/1955,1.8
5/13/1955,1.8
5/14/1955,1.8
5/15/1955,1.6
5/16/1955,1.6
5/17/1955,1.6
5/18/1955,1.3
5/19/1955,1.1
5/20/1955,0.9
5/21/1955,0.8
5/22/1955,0.9
5/23/1955,0.9
5/24/1955,1.1
5/25/1955,1.2
5/26/1955,1
5/27/1955,0.9
5/28/1955,0.8
5/29/1955,0.7
5/30/1955,0.7
5/31/1955,0.7
6/1/1955,0.6
6/2/1955,0.6
6/3/1955,0.5
6/4/1955,0.4
6/5/1955,0.3
6/6/1955,0.2
6/7/1955,0.2
6/8/1955,0.2
6/9/1955,0.3
6/10/1955,0.6
6/11/1955,0.6
6/12/1955,0.6
6/13/1955,0.5
6/14/1955,0.6
6/15/1955,0.6
6/16/1955,0.5
6/17/1955,0.4
6/18/1955,0.4
6/19/1955,0.4
6/20/1955,0.4
6/21/1955,0.4
6/22/1955,0.3
6/23/1955,0.2
6/24/1955,0.2
6/25/1955,0.2
6/26/1955,0.1
6/27/1955,0.1
6/28/1955,0.2
6/29/1955,0.2
6/30/1955,0.2
7/1/1955,0.2
7/2/1955,0.2
7/3/1955,0.2
7/4/1955,0.1
7/5/1955,0
7/6/1955,0
7/7/1955,0
7/8/1955,0
7/9/1955,0.2
7/10/1955,0.2
7/11/1955,0.1
7/12/1955,0.1
7/13/1955,0.1
7/14/1955,0.1
7/15/1955,0.1
7/16/1955,0.1
7/17/1955,0.1
7/18/1955,0.1
7/19/1955,0.1
7/20/1955,0.1
7/21/1955,0.1
7/22/1955,0.1
7/23/1955,0.1
7/24/1955,0.1
7/25/1955,0.1
7/26/1955,0.1
7/27/1955,0.1
7/28/1955,0.1
7/29/1955,0.1
7/30/1955,0.1
7/31/1955,0
8/1/1955,0
8/2/1955,0
8/3/1955,0
8/4/1955,0
8/5/1955,0
8/6/1955,0
8/7/1955,0
8/8/1955,0
8/9/1955,0
8/10/1955,0
8/11/1955,0
8/12/1955,0
8/13/1955,0
8/14/1955,1.5
8/15/1955,1.7
8/16/1955,2.1
8/17/1955,1.7
8/18/1955,1
8/19/1955,0
8/20/1955,0
8/21/1955,0
8/22/1955,0.3
8/23/1955,0.3
8/24/1955,0
8/25/1955,0
8/26/1955,0
8/27/1955,0
8/28/1955,0
8/29/1955,0
8/30/1955,0
8/31/1955,0
9/1/1955,0
9/2/1955,0
9/3/1955,0
9/4/1955,0
9/5/1955,0
9/6/1955,0
9/7/1955,0
9/8/1955,0
9/9/1955,0
9/10/1955,0
9/11/1955,0
9/12/1955,0
9/13/1955,0
9/14/1955,0
9/15/1955,0
9/16/1955,0
9/17/1955,0
9/18/1955,0
9/19/1955,0
9/20/1955,0
9/21/1955,0
9/22/1955,0
9/23/1955,0
9/24/1955,0
9/25/1955,0
9/26/1955,0
9/27/1955,0
9/28/1955,0
9/29/1955,0
9/30/1955,0
10/1/1955,0
10/2/1955,0
10/3/1955,0
10/4/1955,0
10/5/1955,0
10/6/1955,0
10/7/1955,0
10/8/1955,0
10/9/1955,0
10/10/1955,0
10/11/1955,0
10/12/1955,0
10/13/1955,0
10/14/1955,0
10/15/1955,0
10/16/1955,0
10/17/1955,0
10/18/1955,0
10/19/1955,0
10/20/1955,0
10/21/1955,0
10/22/1955,0
10/23/1955,0
10/24/1955,0
10/25/1955,0
10/26/1955,0
10/27/1955,0
10/28/1955,0
10/29/1955,0
10/30/1955,0
10/31/1955,0
11/1/1955,0
11/2/1955,0
11/3/1955,0
11/4/1955,0
11/5/1955,0
11/6/1955,0
11/7/1955,0
11/8/1955,0
11/9/1955,0
11/10/1955,0
11/11/1955,0
11/12/1955,0
11/13/1955,1.8
11/14/1955,0
11/15/1955,0
11/16/1955,1.5
11/17/1955,0
11/18/1955,0
11/19/1955,0
11/20/1955,1.8
11/21/1955,0
11/22/1955,0
11/23/1955,1.3
11/24/1955,0.6
11/25/1955,0.6
11/26/1955,0.4
11/27/1955,0
11/28/1955,0
11/29/1955,0
11/30/1955,0
12/1/1955,26
12/2/1955,0
12/3/1955,0
12/4/1955,0
12/5/1955,1.2
12/6/1955,9.5
12/7/1955,0.4
12/8/1955,3.9
12/9/1955,3.9
12/10/1955,0.4
12/11/1955,0.1
12/12/1955,0.1
12/13/1955,0.1
12/14/1955,0.1
12/15/1955,0.1
12/16/1955,0.1
12/17/1955,0.2
12/18/1955,4.2
12/19/1955,64
12/20/1955,56
12/21/1955,15
12/22/1955,1320
12/23/1955,2500
12/24/1955,430
12/25/1955,150
12/26/1955,622
12/27/1955,218
12/28/1955,90
12/29/1955,65
12/30/1955,63
12/31/1955,55
1/1/1956,49
1/2/1956,41
1/3/1956,38
1/4/1956,45
1/5/1956,59
1/6/1956,41
1/7/1956,195
1/8/1956,82
1/9/1956,59
1/10/1956,68
1/11/1956,54
1/12/1956,47
1/13/1956,43
1/14/1956,448
1/15/1956,779
1/16/1956,350
1/17/1956,134
1/18/1956,98
1/19/1956,78
1/20/1956,157
1/21/1956,87
1/22/1956,106
1/23/1956,95
1/24/1956,80
1/25/1956,416
1/26/1956,417
1/27/1956,418
1/28/1956,212
1/29/1956,138
1/30/1956,101
1/31/1956,81
2/1/1956,65
2/2/1956,58
2/3/1956,54
2/4/1956,48
2/5/1956,43
2/6/1956,42
2/7/1956,45
2/8/1956,43
2/9/1956,39
2/10/1956,37
2/11/1956,35
2/12/1956,33
2/13/1956,32
2/14/1956,30
2/15/1956,27
2/16/1956,25
2/17/1956,26
2/18/1956,24
2/19/1956,26
2/20/1956,37
2/21/1956,26
2/22/1956,125
2/23/1956,118
2/24/1956,49
2/25/1956,55
2/26/1956,46
2/27/1956,40
2/28/1956,39
2/29/1956,46
3/1/1956,37
3/2/1956,35
3/3/1956,34
3/4/1956,32
3/5/1956,32
3/6/1956,29
3/7/1956,26
3/8/1956,25
3/9/1956,24
3/10/1956,23
3/11/1956,23
3/12/1956,21
3/13/1956,21
3/14/1956,21
3/15/1956,19
3/16/1956,19
3/17/1956,19
3/18/1956,19
3/19/1956,18
3/20/1956,18
3/21/1956,18
3/22/1956,17
3/23/1956,16
3/24/1956,16
3/25/1956,15
3/26/1956,14
3/27/1956,14
3/28/1956,14
3/29/1956,13
3/30/1956,12
3/31/1956,12
4/1/1956,12
4/2/1956,11
4/3/1956,10
4/4/1956,8.2
4/5/1956,9.4
4/6/1956,8.2
4/7/1956,8.2
4/8/1956,8.8
4/9/1956,9.4
4/10/1956,9.4
4/11/1956,19
4/12/1956,11
4/13/1956,11
4/14/1956,12
4/15/1956,10
4/16/1956,10
4/17/1956,8.8
4/18/1956,8.8
4/19/1956,8.8
4/20/1956,7.6
4/21/1956,7.6
4/22/1956,7.6
4/23/1956,8.2
4/24/1956,8.2
4/25/1956,7.6
4/26/1956,13
4/27/1956,19
4/28/1956,11
4/29/1956,9.4
4/30/1956,8.8
5/1/1956,8.2
5/2/1956,7.6
5/3/1956,12
5/4/1956,18
5/5/1956,11
5/6/1956,10
5/7/1956,10
5/8/1956,9.4
5/9/1956,11
5/10/1956,7.6
5/11/1956,7.6
5/12/1956,7
5/13/1956,6
5/14/1956,5.2
5/15/1956,4.4
5/16/1956,4.4
5/17/1956,3.6
5/18/1956,3.3
5/19/1956,4
5/20/1956,4
5/21/1956,4
5/22/1956,3.6
5/23/1956,4
5/24/1956,4.4
5/25/1956,3.3
5/26/1956,3
5/27/1956,3
5/28/1956,2.8
5/29/1956,2.5
5/30/1956,2.2
5/31/1956,2.5
6/1/1956,2.2
6/2/1956,2.2
6/3/1956,2.8
6/4/1956,3
6/5/1956,3
6/6/1956,3.3
6/7/1956,3
6/8/1956,2.8
6/9/1956,2.2
6/10/1956,2.5
6/11/1956,2.5
6/12/1956,2.5
6/13/1956,2.2
6/14/1956,2.5
6/15/1956,2.2
6/16/1956,1.8
6/17/1956,1.6
6/18/1956,1.8
6/19/1956,1.8
6/20/1956,1.6
6/21/1956,1.3
6/22/1956,1.2
6/23/1956,1.2
6/24/1956,1.4
6/25/1956,1.4
6/26/1956,1
6/27/1956,0.8
6/28/1956,0.8
6/29/1956,0.8
6/30/1956,0.8
7/1/1956,1.2
7/2/1956,1.4
7/3/1956,1.4
7/4/1956,1.3
7/5/1956,1.4
7/6/1956,1.3
7/7/1956,1.4
7/8/1956,1.2
7/9/1956,1.2
7/10/1956,1.2
7/11/1956,1
7/12/1956,0.7
7/13/1956,0.7
7/14/1956,1
7/15/1956,1.4
7/16/1956,1.4
7/17/1956,1.4
7/18/1956,1.4
7/19/1956,1.3
7/20/1956,0.9
7/21/1956,0.6
7/22/1956,0.6
7/23/1956,0.6
7/24/1956,0.6
7/25/1956,0.5
7/26/1956,0.4
7/27/1956,0.4
7/28/1956,0.4
7/29/1956,0.4
7/30/1956,0.4
7/31/1956,0.4
8/1/1956,0.4
8/2/1956,0.5
8/3/1956,0.6
8/4/1956,0.7
8/5/1956,1
8/6/1956,1.2
8/7/1956,0.8
8/8/1956,0.4
8/9/1956,0.3
8/10/1956,0.2
8/11/1956,0.1
8/12/1956,0.1
8/13/1956,0.2
8/14/1956,0.4
8/15/1956,0.2
8/16/1956,0.2
8/17/1956,0.2
8/18/1956,0.2
8/19/1956,0.1
8/20/1956,0.1
8/21/1956,0.2
8/22/1956,0.2
8/23/1956,0.1
8/24/1956,0.1
8/25/1956,0.1
8/26/1956,0
8/27/1956,0
8/28/1956,0
8/29/1956,0
8/30/1956,0
8/31/1956,0
9/1/1956,0
9/2/1956,0.1
9/3/1956,0.1
9/4/1956,0.1
9/5/1956,0
9/6/1956,0.1
9/7/1956,0.1
9/8/1956,0
9/9/1956,0
9/10/1956,0
9/11/1956,0
9/12/1956,0
9/13/1956,0
9/14/1956,0
9/15/1956,0
9/16/1956,0
9/17/1956,0
9/18/1956,0
9/19/1956,0.6
9/20/1956,0.2
9/21/1956,0.2
9/22/1956,0.2
9/23/1956,0.1
9/24/1956,0.2
9/25/1956,0.6
9/26/1956,0.8
9/27/1956,0.9
9/28/1956,0.9
9/29/1956,1.3
9/30/1956,3
10/1/1956,1.6
10/2/1956,1.4
10/3/1956,2.5
10/4/1956,1.2
10/5/1956,0.4
10/6/1956,0.2
10/7/1956,0.2
10/8/1956,0.2
10/9/1956,0.2
10/10/1956,0.2
10/11/1956,0.9
10/12/1956,1
10/13/1956,0.9
10/14/1956,0.7
10/15/1956,0.7
10/16/1956,0.6
10/17/1956,0.4
10/18/1956,0.4
10/19/1956,0.6
10/20/1956,0.5
10/21/1956,0.4
10/22/1956,0.4
10/23/1956,0.3
10/24/1956,0.5
10/25/1956,0.6
10/26/1956,0.9
10/27/1956,2.8
10/28/1956,1.8
10/29/1956,1.8
10/30/1956,15
10/31/1956,4.4
11/1/1956,1.3
11/2/1956,0.9
11/3/1956,0.7
11/4/1956,2.9
11/5/1956,0.7
11/6/1956,0.6
11/7/1956,0.7
11/8/1956,0.6
11/9/1956,0.5
11/10/1956,0.5
11/11/1956,0.6
11/12/1956,0.7
11/13/1956,0.9
11/14/1956,0.7
11/15/1956,0.7
11/16/1956,0.7
11/17/1956,0.7
11/18/1956,1
11/19/1956,0.8
11/20/1956,0.5
11/21/1956,0.4
11/22/1956,0.6
11/23/1956,0.7
11/24/1956,0.5
11/25/1956,0.6
11/26/1956,0.6
11/27/1956,0.6
11/28/1956,0.6
11/29/1956,0.6
11/30/1956,0.6
12/1/1956,0.6
12/2/1956,0.6
12/3/1956,0.6
12/4/1956,1.2
12/5/1956,3.9
12/6/1956,2.2
12/7/1956,1.3
12/8/1956,0.9
12/9/1956,1
12/10/1956,0.9
12/11/1956,1.2
12/12/1956,1.3
12/13/1956,1.4
12/14/1956,1.4
12/15/1956,1.4
12/16/1956,1.3
12/17/1956,1.3
12/18/1956,1.3
12/19/1956,1.4
12/20/1956,1.4
12/21/1956,1.4
12/22/1956,1.6
12/23/1956,1.6
12/24/1956,1.4
12/25/1956,1.6
12/26/1956,1.8
12/27/1956,2
12/28/1956,2.2
12/29/1956,2.2
12/30/1956,2.2
12/31/1956,2.2
1/1/1957,2.5
1/2/1957,2.5
1/3/1957,2.5
1/4/1957,2.8
1/5/1957,3.3
1/6/1957,3
1/7/1957,2.8
1/8/1957,3.8
1/9/1957,1.4
1/10/1957,1.2
1/11/1957,1
1/12/1957,7.9
1/13/1957,15
1/14/1957,1.3
1/15/1957,0.9
1/16/1957,0.8
1/17/1957,0.6
1/18/1957,0.5
1/19/1957,0.5
1/20/1957,26
1/21/1957,4
1/22/1957,2.2
1/23/1957,1.8
1/24/1957,1.6
1/25/1957,2
1/26/1957,3
1/27/1957,1.6
1/28/1957,1.4
1/29/1957,1.4
1/30/1957,1.4
1/31/1957,1.3
2/1/1957,1.3
2/2/1957,1.8
2/3/1957,1.4
2/4/1957,1.4
2/5/1957,1.4
2/6/1957,1.4
2/7/1957,2.6
2/8/1957,4.4
2/9/1957,1.8
2/10/1957,1.6
2/11/1957,1.8
2/12/1957,1.4
2/13/1957,1.4
2/14/1957,1.4
2/15/1957,1.4
2/16/1957,1.3
2/17/1957,1.3
2/18/1957,1.3
2/19/1957,1.4
2/20/1957,1.3
2/21/1957,4.2
2/22/1957,2.7
2/23/1957,9.9
2/24/1957,12
2/25/1957,12
2/26/1957,7.4
2/27/1957,4.8
2/28/1957,9.4
3/1/1957,7
3/2/1957,3.6
3/3/1957,10
3/4/1957,20
3/5/1957,54
3/6/1957,22
3/7/1957,12
3/8/1957,9.4
3/9/1957,21
3/10/1957,11
3/11/1957,7.6
3/12/1957,10
3/13/1957,9.4
3/14/1957,6.5
3/15/1957,9.4
3/16/1957,8.2
3/17/1957,7
3/18/1957,6
3/19/1957,5.6
3/20/1957,5.2
3/21/1957,4.8
3/22/1957,4.4
3/23/1957,4
3/24/1957,4
3/25/1957,4.4
3/26/1957,4.4
3/27/1957,4
3/28/1957,4.4
3/29/1957,4.4
3/30/1957,4.4
3/31/1957,5.2
4/1/1957,4
4/2/1957,3.6
4/3/1957,3.3
4/4/1957,3
4/5/1957,3
4/6/1957,3
4/7/1957,2.5
4/8/1957,2.5
4/9/1957,2.5
4/10/1957,2.5
4/11/1957,2.5
4/12/1957,2.5
4/13/1957,2.5
4/14/1957,7.2
4/15/1957,2.8
4/16/1957,2.5
4/17/1957,8.1
4/18/1957,19
4/19/1957,5.6
4/20/1957,4.4
4/21/1957,4
4/22/1957,3.6
4/23/1957,3.6
4/24/1957,3.3
4/25/1957,3
4/26/1957,2.5
4/27/1957,2.2
4/28/1957,2
4/29/1957,2
4/30/1957,2
5/1/1957,2.2
5/2/1957,6.5
5/3/1957,2.8
5/4/1957,2.2
5/5/1957,1.8
5/6/1957,1.8
5/7/1957,1.8
5/8/1957,2.5
5/9/1957,3.6
5/10/1957,2.8
5/11/1957,2.2
5/12/1957,2
5/13/1957,2.2
5/14/1957,4.4
5/15/1957,2.2
5/16/1957,1.6
5/17/1957,1.6
5/18/1957,72
5/19/1957,27
5/20/1957,41
5/21/1957,45
5/22/1957,17
5/23/1957,11
5/24/1957,8.2
5/25/1957,7
5/26/1957,6
5/27/1957,4.8
5/28/1957,4
5/29/1957,3.6
5/30/1957,4
5/31/1957,3.6
6/1/1957,3.3
6/2/1957,3
6/3/1957,2.8
6/4/1957,2.2
6/5/1957,2.2
6/6/1957,2.5
6/7/1957,2.5
6/8/1957,2.5
6/9/1957,2.5
6/10/1957,2.2
6/11/1957,1.8
6/12/1957,1.6
6/13/1957,1.3
6/14/1957,1.2
6/15/1957,1.2
6/16/1957,1.3
6/17/1957,0.9
6/18/1957,0.6
6/19/1957,0.4
6/20/1957,0.7
6/21/1957,0.8
6/22/1957,0.6
6/23/1957,0.3
6/24/1957,0.1
6/25/1957,0.2
6/26/1957,0.4
6/27/1957,0.3
6/28/1957,0.2
6/29/1957,0.3
6/30/1957,0.2
7/1/1957,0.3
7/2/1957,0.2
7/3/1957,0.2
7/4/1957,0.2
7/5/1957,0.1
7/6/1957,0.1
7/7/1957,0
7/8/1957,0
7/9/1957,0.1
7/10/1957,0.1
7/11/1957,0
7/12/1957,0
7/13/1957,0
7/14/1957,0
7/15/1957,0
7/16/1957,0
7/17/1957,0
7/18/1957,0
7/19/1957,0
7/20/1957,0
7/21/1957,0
7/22/1957,0
7/23/1957,0.2
7/24/1957,0.4
7/25/1957,0.9
7/26/1957,0.9
7/27/1957,0.6
7/28/1957,0.4
7/29/1957,0.3
7/30/1957,0.3
7/31/1957,0.4
8/1/1957,0.4
8/2/1957,0.3
8/3/1957,0
8/4/1957,0
8/5/1957,0.1
8/6/1957,0.1
8/7/1957,0
8/8/1957,0
8/9/1957,0
8/10/1957,0
8/11/1957,0
8/12/1957,0.1
8/13/1957,0.1
8/14/1957,0.1
8/15/1957,0.1
8/16/1957,0.2
8/17/1957,0.2
8/18/1957,0.2
8/19/1957,0.2
8/20/1957,0.2
8/21/1957,0.2
8/22/1957,0.2
8/23/1957,0.2
8/24/1957,0.2
8/25/1957,0.2
8/26/1957,0.2
8/27/1957,0.2
8/28/1957,0.4
8/29/1957,0.4
8/30/1957,0.4
8/31/1957,0.2
9/1/1957,0.2
9/2/1957,0.2
9/3/1957,0.2
9/4/1957,0.2
9/5/1957,0.2
9/6/1957,0.2
9/7/1957,0.2
9/8/1957,0.2
9/9/1957,0.2
9/10/1957,0.2
9/11/1957,0.2
9/12/1957,0.2
9/13/1957,0.3
9/14/1957,0.2
9/15/1957,0.3
9/16/1957,0.3
9/17/1957,0.3
9/18/1957,0.3
9/19/1957,0.3
9/20/1957,0
9/21/1957,0
9/22/1957,0
9/23/1957,0
9/24/1957,0
9/25/1957,0
9/26/1957,0
9/27/1957,0
9/28/1957,0
9/29/1957,0
9/30/1957,0
10/1/1957,0
10/2/1957,0
10/3/1957,0
10/4/1957,0
10/5/1957,0
10/6/1957,0
10/7/1957,0
10/8/1957,0
10/9/1957,0
10/10/1957,0
10/11/1957,0
10/12/1957,0
10/13/1957,0.9
10/14/1957,0
10/15/1957,0
10/16/1957,0
10/17/1957,0
10/18/1957,0
10/19/1957,0
10/20/1957,0
10/21/1957,0
10/22/1957,0
10/23/1957,0.3
10/24/1957,0.4
10/25/1957,0
10/26/1957,0.2
10/27/1957,0
10/28/1957,0
10/29/1957,0
10/30/1957,0
10/31/1957,0
11/1/1957,0
11/2/1957,0
11/3/1957,0
11/4/1957,0
11/5/1957,0
11/6/1957,0
11/7/1957,0
11/8/1957,0
11/9/1957,0
11/10/1957,0
11/11/1957,0
11/12/1957,0.1
11/13/1957,0.1
11/14/1957,1.3
11/15/1957,0.5
11/16/1957,0.1
11/17/1957,0
11/18/1957,0.1
11/19/1957,0.2
11/20/1957,0.2
11/21/1957,0.1
11/22/1957,0
11/23/1957,0
11/24/1957,0
11/25/1957,0
11/26/1957,0.1
11/27/1957,0.1
11/28/1957,0
11/29/1957,0
11/30/1957,0
12/1/1957,0
12/2/1957,0.1
12/3/1957,0.1
12/4/1957,1.1
12/5/1957,2.9
12/6/1957,1
12/7/1957,0.4
12/8/1957,0.3
12/9/1957,0.3
12/10/1957,0.4
12/11/1957,0.4
12/12/1957,0.4
12/13/1957,0.8
12/14/1957,1.3
12/15/1957,20
12/16/1957,12
12/17/1957,4.2
12/18/1957,17
12/19/1957,1.6
12/20/1957,1.2
12/21/1957,5.7
12/22/1957,3
12/23/1957,1.2
12/24/1957,1
12/25/1957,0.9
12/26/1957,0.9
12/27/1957,0.9
12/28/1957,0.8
12/29/1957,0.8
12/30/1957,0.8
12/31/1957,0.9
1/1/1958,2.9
1/2/1958,13
1/3/1958,2.5
1/4/1958,1.6
1/5/1958,1.4
1/6/1958,1.3
1/7/1958,1.3
1/8/1958,1.2
1/9/1958,3.4
1/10/1958,16
1/11/1958,5.8
1/12/1958,4
1/13/1958,3.3
1/14/1958,2
1/15/1958,1.8
1/16/1958,1.6
1/17/1958,1.6
1/18/1958,1.4
1/19/1958,1.3
1/20/1958,1.3
1/21/1958,1.4
1/22/1958,1.6
1/23/1958,6.4
1/24/1958,35
1/25/1958,15
1/26/1958,188
1/27/1958,34
1/28/1958,19
1/29/1958,183
1/30/1958,145
1/31/1958,49
2/1/1958,33
2/2/1958,287
2/3/1958,163
2/4/1958,50
2/5/1958,40
2/6/1958,32
2/7/1958,148
2/8/1958,148
2/9/1958,110
2/10/1958,247
2/11/1958,82
2/12/1958,700
2/13/1958,204
2/14/1958,97
2/15/1958,70
2/16/1958,56
2/17/1958,49
2/18/1958,208
2/19/1958,585
2/20/1958,166
2/21/1958,101
2/22/1958,76
2/23/1958,61
2/24/1958,341
2/25/1958,247
2/26/1958,135
2/27/1958,97
2/28/1958,76
3/1/1958,60
3/2/1958,51
3/3/1958,47
3/4/1958,42
3/5/1958,38
3/6/1958,36
3/7/1958,32
3/8/1958,37
3/9/1958,30
3/10/1958,31
3/11/1958,29
3/12/1958,27
3/13/1958,25
3/14/1958,33
3/15/1958,75
3/16/1958,115
3/17/1958,40
3/18/1958,32
3/19/1958,29
3/20/1958,100
3/21/1958,330
3/22/1958,345
3/23/1958,418
3/24/1958,238
3/25/1958,173
3/26/1958,119
3/27/1958,128
3/28/1958,84
3/29/1958,90
3/30/1958,435
3/31/1958,210
4/1/1958,915
4/2/1958,1570
4/3/1958,1200
4/4/1958,680
4/5/1958,618
4/6/1958,620
4/7/1958,453
4/8/1958,252
4/9/1958,183
4/10/1958,145
4/11/1958,121
4/12/1958,99
4/13/1958,85
4/14/1958,73
4/15/1958,65
4/16/1958,59
4/17/1958,57
4/18/1958,54
4/19/1958,50
4/20/1958,43
4/21/1958,41
4/22/1958,37
4/23/1958,35
4/24/1958,31
4/25/1958,29
4/26/1958,27
4/27/1958,27
4/28/1958,28
4/29/1958,26
4/30/1958,29
5/1/1958,25
5/2/1958,23
5/3/1958,22
5/4/1958,21
5/5/1958,19
5/6/1958,18
5/7/1958,18
5/8/1958,17
5/9/1958,16
5/10/1958,16
5/11/1958,17
5/12/1958,16
5/13/1958,16
5/14/1958,16
5/15/1958,14
5/16/1958,11
5/17/1958,10
5/18/1958,10
5/19/1958,10
5/20/1958,10
5/21/1958,11
5/22/1958,19
5/23/1958,15
5/24/1958,12
5/25/1958,11
5/26/1958,9.4
5/27/1958,8.8
5/28/1958,8.8
5/29/1958,8.2
5/30/1958,8.2
5/31/1958,7.6
6/1/1958,6.7
6/2/1958,12
6/3/1958,8.8
6/4/1958,7
6/5/1958,6.4
6/6/1958,6.3
6/7/1958,5.7
6/8/1958,5.4
6/9/1958,5.4
6/10/1958,5.7
6/11/1958,5.7
6/12/1958,5.4
6/13/1958,4.4
6/14/1958,3
6/15/1958,3
6/16/1958,3.4
6/17/1958,3.8
6/18/1958,4.4
6/19/1958,5.4
6/20/1958,5.7
6/21/1958,6
6/22/1958,5.7
6/23/1958,6
6/24/1958,6
6/25/1958,6
6/26/1958,5.7
6/27/1958,6
6/28/1958,5.7
6/29/1958,5.7
6/30/1958,6.4
7/1/1958,6.4
7/2/1958,7
7/3/1958,6.7
7/4/1958,5.1
7/5/1958,4.1
7/6/1958,3.6
7/7/1958,3.6
7/8/1958,3.4
7/9/1958,3
7/10/1958,2.8
7/11/1958,2
7/12/1958,2
7/13/1958,2
7/14/1958,2
7/15/1958,2.6
7/16/1958,2.8
7/17/1958,3
7/18/1958,2.8
7/19/1958,2.4
7/20/1958,1.8
7/21/1958,2
7/22/1958,2
7/23/1958,2
7/24/1958,2
7/25/1958,2
7/26/1958,1.8
7/27/1958,1.7
7/28/1958,2
7/29/1958,2
7/30/1958,1.7
7/31/1958,1.5
8/1/1958,1.3
8/2/1958,1.2
8/3/1958,1.2
8/4/1958,1.3
8/5/1958,1.2
8/6/1958,1.1
8/7/1958,0.9
8/8/1958,1
8/9/1958,1
8/10/1958,1
8/11/1958,1.2
8/12/1958,1.1
8/13/1958,0.9
8/14/1958,0.9
8/15/1958,1
8/16/1958,0.6
8/17/1958,0.7
8/18/1958,0.7
8/19/1958,1
8/20/1958,0.8
8/21/1958,0.7
8/22/1958,0.6
8/23/1958,0.6
8/24/1958,0.7
8/25/1958,0.7
8/26/1958,0.7
8/27/1958,0.6
8/28/1958,0.7
8/29/1958,0.6
8/30/1958,0.6
8/31/1958,0.4
9/1/1958,0.4
9/2/1958,0.3
9/3/1958,0.3
9/4/1958,0.3
9/5/1958,0.2
9/6/1958,0.2
9/7/1958,0.1
9/8/1958,0.1
9/9/1958,0.3
9/10/1958,0.3
9/11/1958,0.3
9/12/1958,0.4
9/13/1958,0.4
9/14/1958,0.2
9/15/1958,0.2
9/16/1958,0.1
9/17/1958,0.2
9/18/1958,0.3
9/19/1958,0.3
9/20/1958,0.3
9/21/1958,0.2
9/22/1958,0.2
9/23/1958,0.2
9/24/1958,0.4
9/25/1958,0.3
9/26/1958,0.2
9/27/1958,0.2
9/28/1958,0.3
9/29/1958,0.3
9/30/1958,0.4
10/1/1958,0.3
10/2/1958,0.3
10/3/1958,0.3
10/4/1958,0.6
10/5/1958,0.4
10/6/1958,0.5
10/7/1958,0.6
10/8/1958,0.7
10/9/1958,0.4
10/10/1958,0.3
10/11/1958,0.2
10/12/1958,0.3
10/13/1958,0.4
10/14/1958,0.6
10/15/1958,0.6
10/16/1958,0.5
10/17/1958,0.4
10/18/1958,0.5
10/19/1958,0.5
10/20/1958,0.3
10/21/1958,0.2
10/22/1958,0.2
10/23/1958,0.2
10/24/1958,0.2
10/25/1958,0.2
10/26/1958,0.3
10/27/1958,0.2
10/28/1958,0.3
10/29/1958,0.3
10/30/1958,0.3
10/31/1958,0.4
11/1/1958,0.4
11/2/1958,0.4
11/3/1958,0.4
11/4/1958,0.6
11/5/1958,0.7
11/6/1958,0.7
11/7/1958,0.7
11/8/1958,0.7
11/9/1958,0.8
11/10/1958,1
11/11/1958,1
11/12/1958,1
11/13/1958,0.8
11/14/1958,0.9
11/15/1958,0.4
11/16/1958,0.2
11/17/1958,0.3
11/18/1958,0.8
11/19/1958,1.2
11/20/1958,1.3
11/21/1958,1.3
11/22/1958,1.3
11/23/1958,1.4
11/24/1958,1.4
11/25/1958,1.4
11/26/1958,1.4
11/27/1958,1.5
11/28/1958,1.4
11/29/1958,1.4
11/30/1958,1.4
12/1/1958,1.4
12/2/1958,1.4
12/3/1958,1.4
12/4/1958,1.4
12/5/1958,1.2
12/6/1958,1.1
12/7/1958,1.1
12/8/1958,1.2
12/9/1958,1.2
12/10/1958,1.1
12/11/1958,1
12/12/1958,0.9
12/13/1958,0.7
12/14/1958,0.7
12/15/1958,0.7
12/16/1958,0.7
12/17/1958,0.7
12/18/1958,0.7
12/19/1958,0.7
12/20/1958,0.7
12/21/1958,1
12/22/1958,1
12/23/1958,1
12/24/1958,1
12/25/1958,1.1
12/26/1958,6.8
12/27/1958,10
12/28/1958,1.4
12/29/1958,1.3
12/30/1958,1.2
12/31/1958,1.1
1/1/1959,1.1
1/2/1959,1.2
1/3/1959,1.1
1/4/1959,1.1
1/5/1959,4.8
1/6/1959,6.4
1/7/1959,0.8
1/8/1959,1.9
1/9/1959,19
1/10/1959,33
1/11/1959,3.2
1/12/1959,3.8
1/13/1959,3
1/14/1959,2.6
1/15/1959,2.2
1/16/1959,2.2
1/17/1959,2.2
1/18/1959,2.2
1/19/1959,2.2
1/20/1959,2.2
1/21/1959,2.2
1/22/1959,2.2
1/23/1959,2.2
1/24/1959,4.8
1/25/1959,4.8
1/26/1959,3
1/27/1959,3
1/28/1959,3.2
1/29/1959,2.8
1/30/1959,2.8
1/31/1959,2.4
2/1/1959,2.2
2/2/1959,1.7
2/3/1959,1.7
2/4/1959,2
2/5/1959,2.2
2/6/1959,2.2
2/7/1959,2.2
2/8/1959,2.2
2/9/1959,6
2/10/1959,44
2/11/1959,51
2/12/1959,11
2/13/1959,7
2/14/1959,6
2/15/1959,6.4
2/16/1959,91
2/17/1959,54
2/18/1959,49
2/19/1959,31
2/20/1959,37
2/21/1959,86
2/22/1959,34
2/23/1959,29
2/24/1959,23
2/25/1959,17
2/26/1959,15
2/27/1959,13
2/28/1959,11
3/1/1959,11
3/2/1959,10
3/3/1959,9.4
3/4/1959,7
3/5/1959,7
3/6/1959,7
3/7/1959,6.7
3/8/1959,6.4
3/9/1959,6
3/10/1959,6
3/11/1959,5.1
3/12/1959,5.1
3/13/1959,5.7
3/14/1959,4.8
3/15/1959,4.4
3/16/1959,4.1
3/17/1959,4.1
3/18/1959,4.1
3/19/1959,4.1
3/20/1959,4.4
3/21/1959,4.4
3/22/1959,4.8
3/23/1959,5.7
3/24/1959,5.1
3/25/1959,4.4
3/26/1959,5.4
3/27/1959,5.4
3/28/1959,4.1
3/29/1959,4.1
3/30/1959,6.7
3/31/1959,5.4
4/1/1959,4.4
4/2/1959,4.1
4/3/1959,3.8
4/4/1959,3.6
4/5/1959,3.2
4/6/1959,3.2
4/7/1959,2.6
4/8/1959,3.2
4/9/1959,3
4/10/1959,2.6
4/11/1959,3
4/12/1959,2.4
4/13/1959,2
4/14/1959,2.4
4/15/1959,2.4
4/16/1959,2
4/17/1959,1.6
4/18/1959,1.8
4/19/1959,1.8
4/20/1959,1.8
4/21/1959,1.6
4/22/1959,1.4
4/23/1959,1.3
4/24/1959,1.3
4/25/1959,2
4/26/1959,2.4
4/27/1959,1.8
4/28/1959,1.3
4/29/1959,1.3
4/30/1959,1.3
5/1/1959,1.4
5/2/1959,1.1
5/3/1959,0.8
5/4/1959,0.7
5/5/1959,0.8
5/6/1959,0.9
5/7/1959,0.8
5/8/1959,0.7
5/9/1959,0.7
5/10/1959,0.7
5/11/1959,0.6
5/12/1959,0.6
5/13/1959,0.6
5/14/1959,0.9
5/15/1959,0.9
5/16/1959,0.6
5/17/1959,0.7
5/18/1959,0.6
5/19/1959,0.7
5/20/1959,0.6
5/21/1959,0.6
5/22/1959,0.5
5/23/1959,0.6
5/24/1959,0.5
5/25/1959,0.6
5/26/1959,0.8
5/27/1959,0.9
5/28/1959,0.6
5/29/1959,0.6
5/30/1959,0.5
5/31/1959,0.3
6/1/1959,0.3
6/2/1959,0.3
6/3/1959,0.4
6/4/1959,0.4
6/5/1959,0.3
6/6/1959,0.2
6/7/1959,0.2
6/8/1959,0.1
6/9/1959,0.1
6/10/1959,0.1
6/11/1959,0
6/12/1959,0.1
6/13/1959,0
6/14/1959,0
6/15/1959,0
6/16/1959,0
6/17/1959,0
6/18/1959,0
6/19/1959,0
6/20/1959,0
6/21/1959,0
6/22/1959,0
6/23/1959,0.1
6/24/1959,0
6/25/1959,0
6/26/1959,0
6/27/1959,0
6/28/1959,0
6/29/1959,0
6/30/1959,0
7/1/1959,0
7/2/1959,0
7/3/1959,0
7/4/1959,0
7/5/1959,0
7/6/1959,0
7/7/1959,0
7/8/1959,0
7/9/1959,0
7/10/1959,0
7/11/1959,0
7/12/1959,0.1
7/13/1959,0.1
7/14/1959,0.1
7/15/1959,0.1
7/16/1959,0.1
7/17/1959,0.1
7/18/1959,0.1
7/19/1959,0.1
7/20/1959,0.1
7/21/1959,0.1
7/22/1959,0.1
7/23/1959,0.1
7/24/1959,0
7/25/1959,0
7/26/1959,0
7/27/1959,0
7/28/1959,0
7/29/1959,0
7/30/1959,0
7/31/1959,0
8/1/1959,0
8/2/1959,0
8/3/1959,0
8/4/1959,0
8/5/1959,0
8/6/1959,0
8/7/1959,0
8/8/1959,0
8/9/1959,0
8/10/1959,0
8/11/1959,0
8/12/1959,0
8/13/1959,0
8/14/1959,0
8/15/1959,0
8/16/1959,0
8/17/1959,0
8/18/1959,0
8/19/1959,0
8/20/1959,0
8/21/1959,0
8/22/1959,0
8/23/1959,0
8/24/1959,0
8/25/1959,0
8/26/1959,0
8/27/1959,0
8/28/1959,0
8/29/1959,0
8/30/1959,0
8/31/1959,0
9/1/1959,0
9/2/1959,0
9/3/1959,0
9/4/1959,0
9/5/1959,0
9/6/1959,0
9/7/1959,0
9/8/1959,0
9/9/1959,0
9/10/1959,0
9/11/1959,0
9/12/1959,0
9/13/1959,0
9/14/1959,0
9/15/1959,0
9/16/1959,0.1
9/17/1959,0.1
9/18/1959,20
9/19/1959,1.7
9/20/1959,0.2
9/21/1959,0
9/22/1959,0
9/23/1959,0
9/24/1959,0
9/25/1959,0
9/26/1959,0
9/27/1959,0
9/28/1959,0
9/29/1959,0
9/30/1959,0
10/1/1959,0
10/2/1959,0
10/3/1959,0
10/4/1959,0
10/5/1959,0
10/6/1959,0
10/7/1959,0
10/8/1959,0
10/9/1959,0
10/10/1959,0
10/11/1959,0
10/12/1959,0
10/13/1959,0
10/14/1959,0
10/15/1959,0
10/16/1959,0
10/17/1959,0
10/18/1959,0
10/19/1959,0
10/20/1959,0
10/21/1959,0
10/22/1959,0
10/23/1959,0
10/24/1959,0
10/25/1959,0
10/26/1959,0
10/27/1959,0
10/28/1959,0
10/29/1959,0
10/30/1959,0
10/31/1959,0
11/1/1959,0
11/2/1959,0
11/3/1959,0
11/4/1959,0
11/5/1959,0
11/6/1959,0
11/7/1959,0
11/8/1959,0
11/9/1959,0
11/10/1959,0
11/11/1959,0
11/12/1959,0
11/13/1959,0
11/14/1959,0
11/15/1959,0
11/16/1959,0
11/17/1959,0
11/18/1959,0
11/19/1959,0
11/20/1959,0
11/21/1959,0
11/22/1959,0
11/23/1959,0
11/24/1959,0
11/25/1959,0
11/26/1959,0
11/27/1959,0
11/28/1959,0
11/29/1959,0
11/30/1959,0
12/1/1959,0
12/2/1959,0
12/3/1959,0
12/4/1959,0
12/5/1959,0
12/6/1959,0
12/7/1959,0
12/8/1959,0
12/9/1959,0
12/10/1959,0
12/11/1959,0
12/12/1959,0
12/13/1959,0
12/14/1959,0
12/15/1959,0
12/16/1959,0
12/17/1959,0
12/18/1959,0
12/19/1959,0
12/20/1959,0
12/21/1959,0
12/22/1959,0
12/23/1959,2
12/24/1959,2
12/25/1959,1.5
12/26/1959,0.5
12/27/1959,0.2
12/28/1959,0.2
12/29/1959,0.2
12/30/1959,0.2
12/31/1959,0.2
1/1/1960,0.2
1/2/1960,0.2
1/3/1960,0.2
1/4/1960,0.2
1/5/1960,0.2
1/6/1960,0.2
1/7/1960,0.2
1/8/1960,1.5
1/9/1960,4
1/10/1960,2
1/11/1960,2.5
1/12/1960,2
1/13/1960,1
1/14/1960,8.7
1/15/1960,3.6
1/16/1960,1.6
1/17/1960,1.4
1/18/1960,1.3
1/19/1960,1.4
1/20/1960,1.6
1/21/1960,1.7
1/22/1960,2.2
1/23/1960,1.7
1/24/1960,2.8
1/25/1960,9.5
1/26/1960,7
1/27/1960,2
1/28/1960,1.2
1/29/1960,1
1/30/1960,0.8
1/31/1960,0.8
2/1/1960,18
2/2/1960,5.1
2/3/1960,3
2/4/1960,2.2
2/5/1960,21
2/6/1960,2.2
2/7/1960,1
2/8/1960,285
2/9/1960,112
2/10/1960,157
2/11/1960,42
2/12/1960,25
2/13/1960,19
2/14/1960,13
2/15/1960,12
2/16/1960,9.4
2/17/1960,8.2
2/18/1960,12
2/19/1960,7.6
2/20/1960,5.7
2/21/1960,5.4
2/22/1960,5.1
2/23/1960,4.1
2/24/1960,3.8
2/25/1960,4.1
2/26/1960,3.6
2/27/1960,3.2
2/28/1960,3.4
2/29/1960,3.2
3/1/1960,3.2
3/2/1960,3
3/3/1960,2.4
3/4/1960,3.2
3/5/1960,4.8
3/6/1960,7.6
3/7/1960,7.6
3/8/1960,5.4
3/9/1960,4.1
3/10/1960,3.2
3/11/1960,3.4
3/12/1960,14
3/13/1960,13
3/14/1960,5.1
3/15/1960,4.8
3/16/1960,4.4
3/17/1960,4.1
3/18/1960,4.1
3/19/1960,4.8
3/20/1960,3.4
3/21/1960,3.4
3/22/1960,3.8
3/23/1960,4.1
3/24/1960,4.4
3/25/1960,4.4
3/26/1960,5.1
3/27/1960,9.4
3/28/1960,6.4
3/29/1960,3.4
3/30/1960,6.5
3/31/1960,3.8
4/1/1960,3.2
4/2/1960,3.2
4/3/1960,3.4
4/4/1960,3.4
4/5/1960,3.2
4/6/1960,3.4
4/7/1960,3.8
4/8/1960,3.6
4/9/1960,4.1
4/10/1960,3.8
4/11/1960,4.8
4/12/1960,4.1
4/13/1960,3.6
4/14/1960,2.8
4/15/1960,2.6
4/16/1960,2.6
4/17/1960,2.8
4/18/1960,2.8
4/19/1960,2.6
4/20/1960,2.8
4/21/1960,2.8
4/22/1960,2.8
4/23/1960,3.8
4/24/1960,3.8
4/25/1960,3.2
4/26/1960,3.8
4/27/1960,13
4/28/1960,5.4
4/29/1960,3.4
4/30/1960,2.8
5/1/1960,2.6
5/2/1960,2.4
5/3/1960,3.5
5/4/1960,3.6
5/5/1960,2.6
5/6/1960,2
5/7/1960,1.4
5/8/1960,1.4
5/9/1960,1.3
5/10/1960,1.1
5/11/1960,1.2
5/12/1960,1.1
5/13/1960,1.1
5/14/1960,1.1
5/15/1960,1.2
5/16/1960,1.3
5/17/1960,1.1
5/18/1960,1
5/19/1960,0.8
5/20/1960,0.7
5/21/1960,0.6
5/22/1960,0.6
5/23/1960,0.7
5/24/1960,2.6
5/25/1960,1.6
5/26/1960,1
5/27/1960,0.7
5/28/1960,0.6
5/29/1960,0.6
5/30/1960,0.6
5/31/1960,0.6
6/1/1960,0.5
6/2/1960,0.3
6/3/1960,0.2
6/4/1960,0.1
6/5/1960,0.1
6/6/1960,0.2
6/7/1960,0.2
6/8/1960,0.2
6/9/1960,0.2
6/10/1960,0.2
6/11/1960,0.1
6/12/1960,0.1
6/13/1960,0.1
6/14/1960,0
6/15/1960,0
6/16/1960,0
6/17/1960,0
6/18/1960,0
6/19/1960,0.1
6/20/1960,0.1
6/21/1960,0
6/22/1960,0
6/23/1960,0
6/24/1960,0
6/25/1960,0
6/26/1960,0.1
6/27/1960,0.1
6/28/1960,0.1
6/29/1960,0.1
6/30/1960,0.1
7/1/1960,0.1
7/2/1960,0
7/3/1960,0
7/4/1960,0
7/5/1960,0
7/6/1960,0
7/7/1960,0
7/8/1960,0
7/9/1960,0
7/10/1960,0
7/11/1960,0
7/12/1960,0
7/13/1960,0
7/14/1960,0
7/15/1960,0
7/16/1960,0
7/17/1960,0
7/18/1960,0
7/19/1960,0
7/20/1960,0
7/21/1960,0
7/22/1960,0
7/23/1960,0
7/24/1960,0
7/25/1960,0
7/26/1960,0
7/27/1960,0
7/28/1960,0
7/29/1960,0
7/30/1960,0
7/31/1960,0
8/1/1960,0
8/2/1960,0
8/3/1960,0
8/4/1960,0
8/5/1960,0
8/6/1960,0
8/7/1960,0
8/8/1960,0
8/9/1960,0
8/10/1960,0
8/11/1960,0
8/12/1960,0
8/13/1960,0
8/14/1960,0
8/15/1960,0
8/16/1960,0
8/17/1960,0
8/18/1960,0
8/19/1960,0
8/20/1960,0
8/21/1960,0
8/22/1960,0
8/23/1960,0
8/24/1960,0
8/25/1960,0
8/26/1960,0
8/27/1960,0
8/28/1960,0
8/29/1960,0
8/30/1960,0
8/31/1960,0
9/1/1960,0
9/2/1960,0
9/3/1960,0
9/4/1960,0
9/5/1960,0
9/6/1960,0
9/7/1960,0
9/8/1960,0
9/9/1960,0
9/10/1960,0
9/11/1960,0
9/12/1960,0
9/13/1960,0
9/14/1960,0
9/15/1960,0
9/16/1960,0
9/17/1960,0
9/18/1960,0
9/19/1960,0
9/20/1960,0
9/21/1960,0
9/22/1960,0
9/23/1960,0
9/24/1960,0
9/25/1960,0
9/26/1960,0
9/27/1960,0
9/28/1960,0
9/29/1960,0
9/30/1960,0
10/1/1960,0
10/2/1960,0
10/3/1960,0
10/4/1960,0
10/5/1960,0.1
10/6/1960,0.1
10/7/1960,0.1
10/8/1960,0.1
10/9/1960,0.1
10/10/1960,0
10/11/1960,0
10/12/1960,0.1
10/13/1960,0.1
10/14/1960,0.1
10/15/1960,0
10/16/1960,0
10/17/1960,0
10/18/1960,0
10/19/1960,0
10/20/1960,0
10/21/1960,0
10/22/1960,0
10/23/1960,0
10/24/1960,0
10/25/1960,0
10/26/1960,0.1
10/27/1960,0.1
10/28/1960,0.1
10/29/1960,0.1
10/30/1960,0.1
10/31/1960,0.1
11/1/1960,0.1
11/2/1960,0.1
11/3/1960,0.1
11/4/1960,0.1
11/5/1960,0.2
11/6/1960,0.2
11/7/1960,0.1
11/8/1960,0.1
11/9/1960,0.1
11/10/1960,0.1
11/11/1960,0.3
11/12/1960,0.2
11/13/1960,1.8
11/14/1960,0.2
11/15/1960,0.2
11/16/1960,0.2
11/17/1960,0.2
11/18/1960,0.3
11/19/1960,0.3
11/20/1960,0.2
11/21/1960,0.2
11/22/1960,0.2
11/23/1960,0.2
11/24/1960,0.2
11/25/1960,6.9
11/26/1960,35
11/27/1960,0.4
11/28/1960,0.2
11/29/1960,0.2
11/30/1960,0.3
12/1/1960,2.5
12/2/1960,0.8
12/3/1960,0.4
12/4/1960,0.2
12/5/1960,0.2
12/6/1960,0.2
12/7/1960,0.2
12/8/1960,0.2
12/9/1960,0.2
12/10/1960,0.2
12/11/1960,0.2
12/12/1960,0.2
12/13/1960,0.2
12/14/1960,0.2
12/15/1960,0.2
12/16/1960,0.2
12/17/1960,0.2
12/18/1960,0.2
12/19/1960,0.1
12/20/1960,0.1
12/21/1960,0.1
12/22/1960,0.1
12/23/1960,0.2
12/24/1960,0.2
12/25/1960,0.2
12/26/1960,0.2
12/27/1960,0.2
12/28/1960,0.1
12/29/1960,0.1
12/30/1960,0.1
12/31/1960,0.1
1/1/1961,0.1
1/2/1961,0.2
1/3/1961,0.2
1/4/1961,0.2
1/5/1961,0.2
1/6/1961,0.2
1/7/1961,0.2
1/8/1961,0.2
1/9/1961,0.2
1/10/1961,0.2
1/11/1961,0.2
1/12/1961,0.1
1/13/1961,0.1
1/14/1961,0.2
1/15/1961,0.2
1/16/1961,0.2
1/17/1961,0.2
1/18/1961,0.2
1/19/1961,1.2
1/20/1961,3.8
1/21/1961,4.1
1/22/1961,4.4
1/23/1961,5.4
1/24/1961,5.7
1/25/1961,7.6
1/26/1961,40
1/27/1961,7.6
1/28/1961,5.7
1/29/1961,18
1/30/1961,9.4
1/31/1961,1.7
2/1/1961,1.3
2/2/1961,1.1
2/3/1961,1.3
2/4/1961,1.3
2/5/1961,1.2
2/6/1961,1.2
2/7/1961,1.2
2/8/1961,1
2/9/1961,1
2/10/1961,0.9
2/11/1961,6.8
2/12/1961,1.7
2/13/1961,1
2/14/1961,1.1
2/15/1961,3
2/16/1961,1.2
2/17/1961,0.9
2/18/1961,0.8
2/19/1961,0.7
2/20/1961,0.7
2/21/1961,0.7
2/22/1961,0.7
2/23/1961,0.6
2/24/1961,0.6
2/25/1961,0.6
2/26/1961,0.5
2/27/1961,0.4
2/28/1961,0.4
3/1/1961,0.4
3/2/1961,0.3
3/3/1961,0.4
3/4/1961,0.5
3/5/1961,0.9
3/6/1961,2.4
3/7/1961,0.9
3/8/1961,1.3
3/9/1961,4.1
3/10/1961,0.6
3/11/1961,0.8
3/12/1961,0.7
3/13/1961,0.9
3/14/1961,13
3/15/1961,47
3/16/1961,5.3
3/17/1961,21
3/18/1961,1.7
3/19/1961,3.6
3/20/1961,3
3/21/1961,1.2
3/22/1961,1.3
3/23/1961,1.3
3/24/1961,6.8
3/25/1961,3.2
3/26/1961,1.2
3/27/1961,1.2
3/28/1961,0.9
3/29/1961,0.9
3/30/1961,0.7
3/31/1961,0.7
4/1/1961,0.7
4/2/1961,0.7
4/3/1961,0.7
4/4/1961,0.7
4/5/1961,0.6
4/6/1961,0.6
4/7/1961,0.6
4/8/1961,0.6
4/9/1961,0.6
4/10/1961,0.6
4/11/1961,0.6
4/12/1961,0.7
4/13/1961,0.7
4/14/1961,0.6
4/15/1961,0.6
4/16/1961,0.5
4/17/1961,0.5
4/18/1961,0.5
4/19/1961,0.5
4/20/1961,0.5
4/21/1961,4.4
4/22/1961,10
4/23/1961,10
4/24/1961,2
4/25/1961,1.4
4/26/1961,1.2
4/27/1961,1.1
4/28/1961,1
4/29/1961,0.9
4/30/1961,1
5/1/1961,1.1
5/2/1961,1.1
5/3/1961,0.9
5/4/1961,0.8
5/5/1961,0.8
5/6/1961,1.2
5/7/1961,1.1
5/8/1961,0.7
5/9/1961,0.6
5/10/1961,0.7
5/11/1961,0.7
5/12/1961,0.6
5/13/1961,0.4
5/14/1961,0.4
5/15/1961,0.3
5/16/1961,0.3
5/17/1961,0.3
5/18/1961,0.4
5/19/1961,1.7
5/20/1961,1
5/21/1961,0.6
5/22/1961,0.6
5/23/1961,0.4
5/24/1961,0.4
5/25/1961,0.3
5/26/1961,0.4
5/27/1961,0.4
5/28/1961,0.4
5/29/1961,0.3
5/30/1961,0.3
5/31/1961,0.3
6/1/1961,0.5
6/2/1961,0.4
6/3/1961,0.3
6/4/1961,0.2
6/5/1961,0.2
6/6/1961,0.2
6/7/1961,0.2
6/8/1961,0.1
6/9/1961,0.1
6/10/1961,0.1
6/11/1961,0
6/12/1961,0
6/13/1961,0.1
6/14/1961,0
6/15/1961,0
6/16/1961,0
6/17/1961,0
6/18/1961,0
6/19/1961,0
6/20/1961,0.1
6/21/1961,0
6/22/1961,0
6/23/1961,0
6/24/1961,0
6/25/1961,0
6/26/1961,0
6/27/1961,0
6/28/1961,0
6/29/1961,0
6/30/1961,0
7/1/1961,0
7/2/1961,0
7/3/1961,0
7/4/1961,0
7/5/1961,0
7/6/1961,0
7/7/1961,0
7/8/1961,0
7/9/1961,0
7/10/1961,0
7/11/1961,0
7/12/1961,0
7/13/1961,0
7/14/1961,0
7/15/1961,0
7/16/1961,0
7/17/1961,0
7/18/1961,0
7/19/1961,0
7/20/1961,0
7/21/1961,0
7/22/1961,0
7/23/1961,0
7/24/1961,0
7/25/1961,0
7/26/1961,0
7/27/1961,0
7/28/1961,0
7/29/1961,0
7/30/1961,0
7/31/1961,0
8/1/1961,0
8/2/1961,0
8/3/1961,0
8/4/1961,0
8/5/1961,0
8/6/1961,0
8/7/1961,0
8/8/1961,0
8/9/1961,0
8/10/1961,0
8/11/1961,0
8/12/1961,0
8/13/1961,0
8/14/1961,0
8/15/1961,0
8/16/1961,0
8/17/1961,0
8/18/1961,0
8/19/1961,0
8/20/1961,0
8/21/1961,0
8/22/1961,0
8/23/1961,0
8/24/1961,0
8/25/1961,0
8/26/1961,0
8/27/1961,0
8/28/1961,0
8/29/1961,0
8/30/1961,0
8/31/1961,0
9/1/1961,0
9/2/1961,0
9/3/1961,0
9/4/1961,0
9/5/1961,0
9/6/1961,0
9/7/1961,0
9/8/1961,0
9/9/1961,0
9/10/1961,0
9/11/1961,0
9/12/1961,0
9/13/1961,0
9/14/1961,0
9/15/1961,0
9/16/1961,0.6
9/17/1961,0.1
9/18/1961,0.1
9/19/1961,0.1
9/20/1961,0.1
9/21/1961,0.1
9/22/1961,0.1
9/23/1961,0.1
9/24/1961,0.1
9/25/1961,0.1
9/26/1961,0.1
9/27/1961,0.1
9/28/1961,0.1
9/29/1961,0.1
9/30/1961,0.1
10/1/1961,0
10/2/1961,0
10/3/1961,0
10/4/1961,0
10/5/1961,0
10/6/1961,0
10/7/1961,0
10/8/1961,0
10/9/1961,0
10/10/1961,0
10/11/1961,0
10/12/1961,0
10/13/1961,0
10/14/1961,0
10/15/1961,0
10/16/1961,0
10/17/1961,0
10/18/1961,0
10/19/1961,0
10/20/1961,0
10/21/1961,0
10/22/1961,0
10/23/1961,0
10/24/1961,0
10/25/1961,0
10/26/1961,0
10/27/1961,0
10/28/1961,0
10/29/1961,0
10/30/1961,0
10/31/1961,0
11/1/1961,0
11/2/1961,0
11/3/1961,0
11/4/1961,0
11/5/1961,0
11/6/1961,0
11/7/1961,0
11/8/1961,0
11/9/1961,0
11/10/1961,0
11/11/1961,0
11/12/1961,0
11/13/1961,0
11/14/1961,0
11/15/1961,0
11/16/1961,0
11/17/1961,0
11/18/1961,0
11/19/1961,0.8
11/20/1961,2.9
11/21/1961,0.1
11/22/1961,0.1
11/23/1961,0.1
11/24/1961,0.1
11/25/1961,2.9
11/26/1961,1
11/27/1961,0.1
11/28/1961,0.1
11/29/1961,5.7
11/30/1961,11
12/1/1961,7.4
12/2/1961,19
12/3/1961,0.7
12/4/1961,0.2
12/5/1961,0.1
12/6/1961,0.1
12/7/1961,0.1
12/8/1961,0.1
12/9/1961,0.1
12/10/1961,0.1
12/11/1961,0.1
12/12/1961,0.2
12/13/1961,0.1
12/14/1961,0.1
12/15/1961,0.1
12/16/1961,0.1
12/17/1961,0.1
12/18/1961,0.1
12/19/1961,0.1
12/20/1961,0.1
12/21/1961,0.1
12/22/1961,0.1
12/23/1961,0.1
12/24/1961,0.1
12/25/1961,0.1
12/26/1961,0.1
12/27/1961,0.1
12/28/1961,0.1
12/29/1961,0.1
12/30/1961,0.1
12/31/1961,0.1
1/1/1962,0.1
1/2/1962,0.1
1/3/1962,0.1
1/4/1962,0.1
1/5/1962,0.1
1/6/1962,0.1
1/7/1962,0.1
1/8/1962,0.1
1/9/1962,0.1
1/10/1962,0.1
1/11/1962,0.1
1/12/1962,0.9
1/13/1962,0.2
1/14/1962,0.1
1/15/1962,0.1
1/16/1962,0.1
1/17/1962,0.1
1/18/1962,0.1
1/19/1962,7.1
1/20/1962,21
1/21/1962,1.8
1/22/1962,0.9
1/23/1962,0.5
1/24/1962,0.5
1/25/1962,0.4
1/26/1962,0.4
1/27/1962,0.3
1/28/1962,0.3
1/29/1962,0.3
1/30/1962,0.3
1/31/1962,0.3
2/1/1962,0.3
2/2/1962,0.3
2/3/1962,0.3
2/4/1962,0.3
2/5/1962,0.3
2/6/1962,0.6
2/7/1962,3.7
2/8/1962,2.5
2/9/1962,99
2/10/1962,69
2/11/1962,26
2/12/1962,18
2/13/1962,231
2/14/1962,261
2/15/1962,351
2/16/1962,174
2/17/1962,75
2/18/1962,275
2/19/1962,138
2/20/1962,58
2/21/1962,40
2/22/1962,31
2/23/1962,25
2/24/1962,28
2/25/1962,21
2/26/1962,17
2/27/1962,15
2/28/1962,15
3/1/1962,21
3/2/1962,62
3/3/1962,24
3/4/1962,20
3/5/1962,69
3/6/1962,119
3/7/1962,56
3/8/1962,42
3/9/1962,34
3/10/1962,27
3/11/1962,25
3/12/1962,21
3/13/1962,19
3/14/1962,18
3/15/1962,17
3/16/1962,15
3/17/1962,14
3/18/1962,12
3/19/1962,12
3/20/1962,12
3/21/1962,10
3/22/1962,38
3/23/1962,15
3/24/1962,12
3/25/1962,11
3/26/1962,11
3/27/1962,10
3/28/1962,10
3/29/1962,9.5
3/30/1962,8.9
3/31/1962,8.4
4/1/1962,8.9
4/2/1962,8.9
4/3/1962,8.4
4/4/1962,8.4
4/5/1962,7.8
4/6/1962,7.8
4/7/1962,7.2
4/8/1962,6.8
4/9/1962,6.4
4/10/1962,6
4/11/1962,5.6
4/12/1962,5.6
4/13/1962,5.3
4/14/1962,5.3
4/15/1962,5.3
4/16/1962,4.9
4/17/1962,4.5
4/18/1962,4.5
4/19/1962,5.3
4/20/1962,4.9
4/21/1962,4.1
4/22/1962,3.7
4/23/1962,3.1
4/24/1962,2.7
4/25/1962,3.1
4/26/1962,3.1
4/27/1962,4.5
4/28/1962,5.6
4/29/1962,3.3
4/30/1962,3.1
5/1/1962,2.9
5/2/1962,2.9
5/3/1962,2.7
5/4/1962,2.5
5/5/1962,2.5
5/6/1962,2.3
5/7/1962,2
5/8/1962,1.8
5/9/1962,2
5/10/1962,2
5/11/1962,1.8
5/12/1962,1.8
5/13/1962,1.8
5/14/1962,1.8
5/15/1962,1.8
5/16/1962,1.8
5/17/1962,1.6
5/18/1962,1.6
5/19/1962,1.6
5/20/1962,1.6
5/21/1962,1.6
5/22/1962,1.6
5/23/1962,2
5/24/1962,1.8
5/25/1962,1.8
5/26/1962,1.8
5/27/1962,1.8
5/28/1962,1.8
5/29/1962,1.8
5/30/1962,1.8
5/31/1962,1.6
6/1/1962,1.1
6/2/1962,1.1
6/3/1962,1
6/4/1962,1
6/5/1962,0.9
6/6/1962,0.9
6/7/1962,0.9
6/8/1962,0.8
6/9/1962,0.8
6/10/1962,0.9
6/11/1962,0.8
6/12/1962,0.9
6/13/1962,1
6/14/1962,0.9
6/15/1962,0.7
6/16/1962,0.6
6/17/1962,0.6
6/18/1962,0.4
6/19/1962,0.3
6/20/1962,0.3
6/21/1962,0.2
6/22/1962,0.1
6/23/1962,0.1
6/24/1962,0.2
6/25/1962,0.3
6/26/1962,0.3
6/27/1962,0.3
6/28/1962,0.3
6/29/1962,0.2
6/30/1962,0.3
7/1/1962,0.2
7/2/1962,0.3
7/3/1962,0.2
7/4/1962,0.1
7/5/1962,0.1
7/6/1962,0.1
7/7/1962,0.1
7/8/1962,0.1
7/9/1962,0.1
7/10/1962,0.1
7/11/1962,0.1
7/12/1962,0.1
7/13/1962,0.1
7/14/1962,0.1
7/15/1962,0.1
7/16/1962,0
7/17/1962,0
7/18/1962,0
7/19/1962,0
7/20/1962,0
7/21/1962,0
7/22/1962,0
7/23/1962,0
7/24/1962,0
7/25/1962,0
7/26/1962,0
7/27/1962,0
7/28/1962,0
7/29/1962,0
7/30/1962,0
7/31/1962,0
8/1/1962,0
8/2/1962,0
8/3/1962,0
8/4/1962,0
8/5/1962,0
8/6/1962,0
8/7/1962,0
8/8/1962,0
8/9/1962,0
8/10/1962,0
8/11/1962,0
8/12/1962,0
8/13/1962,0
8/14/1962,0
8/15/1962,0
8/16/1962,0
8/17/1962,0
8/18/1962,0
8/19/1962,0
8/20/1962,0
8/21/1962,0
8/22/1962,0
8/23/1962,0
8/24/1962,0
8/25/1962,0
8/26/1962,0
8/27/1962,0
8/28/1962,0
8/29/1962,0
8/30/1962,0
8/31/1962,0
9/1/1962,0
9/2/1962,0
9/3/1962,0
9/4/1962,0
9/5/1962,0
9/6/1962,0
9/7/1962,0
9/8/1962,0
9/9/1962,0
9/10/1962,0
9/11/1962,0
9/12/1962,0
9/13/1962,0
9/14/1962,0
9/15/1962,0
9/16/1962,0
9/17/1962,0
9/18/1962,0
9/19/1962,0
9/20/1962,0
9/21/1962,0
9/22/1962,0
9/23/1962,0
9/24/1962,0
9/25/1962,0
9/26/1962,0
9/27/1962,0
9/28/1962,0
9/29/1962,0
9/30/1962,0
10/1/1962,0
10/2/1962,0
10/3/1962,0
10/4/1962,0
10/5/1962,0
10/6/1962,0
10/7/1962,0
10/8/1962,0
10/9/1962,0
10/10/1962,0.1
10/11/1962,0.9
10/12/1962,162
10/13/1962,2600
10/14/1962,226
10/15/1962,85
10/16/1962,30
10/17/1962,25
10/18/1962,22
10/19/1962,20
10/20/1962,19
10/21/1962,17
10/22/1962,16
10/23/1962,15
10/24/1962,12
10/25/1962,9
10/26/1962,8
10/27/1962,7.5
10/28/1962,7.2
10/29/1962,7.5
10/30/1962,7.2
10/31/1962,6.7
11/1/1962,6.2
11/2/1962,6
11/3/1962,6.7
11/4/1962,6.5
11/5/1962,6.2
11/6/1962,4.2
11/7/1962,4.6
11/8/1962,4.4
11/9/1962,4.8
11/10/1962,4.6
11/11/1962,4.2
11/12/1962,4.2
11/13/1962,4
11/14/1962,3.8
11/15/1962,3.5
11/16/1962,3.7
11/17/1962,4.4
11/18/1962,4
11/19/1962,3.7
11/20/1962,3.8
11/21/1962,4.2
11/22/1962,4
11/23/1962,4
11/24/1962,3.7
11/25/1962,3.7
11/26/1962,7
11/27/1962,9.2
11/28/1962,3.8
11/29/1962,3.4
11/30/1962,3.8
12/1/1962,4
12/2/1962,3.8
12/3/1962,5.7
12/4/1962,4.6
12/5/1962,4
12/6/1962,4
12/7/1962,3.8
12/8/1962,3.7
12/9/1962,3.8
12/10/1962,4.4
12/11/1962,3.8
12/12/1962,3.8
12/13/1962,3.7
12/14/1962,3.7
12/15/1962,18
12/16/1962,46
12/17/1962,35
12/18/1962,25
12/19/1962,16
12/20/1962,10
12/21/1962,7.7
12/22/1962,7.5
12/23/1962,7.2
12/24/1962,7
12/25/1962,6.7
12/26/1962,6.2
12/27/1962,6.2
12/28/1962,5.7
12/29/1962,4.9
12/30/1962,5.3
12/31/1962,5.5
1/1/1963,5.3
1/2/1963,5.3
1/3/1963,5.1
1/4/1963,4.8
1/5/1963,4.2
1/6/1963,4.6
1/7/1963,4.6
1/8/1963,4.6
1/9/1963,4.4
1/10/1963,3.8
1/11/1963,3
1/12/1963,3
1/13/1963,3
1/14/1963,3.1
1/15/1963,3.1
1/16/1963,3.2
1/17/1963,3.4
1/18/1963,3.2
1/19/1963,3
1/20/1963,2.7
1/21/1963,9
1/22/1963,8.4
1/23/1963,2.5
1/24/1963,2.5
1/25/1963,2.5
1/26/1963,2.5
1/27/1963,2.7
1/28/1963,3
1/29/1963,5
1/30/1963,67
1/31/1963,806
2/1/1963,639
2/2/1963,175
2/3/1963,88
2/4/1963,63
2/5/1963,45
2/6/1963,38
2/7/1963,32
2/8/1963,31
2/9/1963,74
2/10/1963,66
2/11/1963,35
2/12/1963,91
2/13/1963,152
2/14/1963,67
2/15/1963,50
2/16/1963,47
2/17/1963,39
2/18/1963,32
2/19/1963,31
2/20/1963,27
2/21/1963,25
2/22/1963,22
2/23/1963,21
2/24/1963,20
2/25/1963,19
2/26/1963,18
2/27/1963,18
2/28/1963,17
3/1/1963,16
3/2/1963,16
3/3/1963,16
3/4/1963,14
3/5/1963,15
3/6/1963,17
3/7/1963,16
3/8/1963,14
3/9/1963,14
3/10/1963,14
3/11/1963,15
3/12/1963,14
3/13/1963,14
3/14/1963,17
3/15/1963,15
3/16/1963,50
3/17/1963,19
3/18/1963,15
3/19/1963,14
3/20/1963,14
3/21/1963,14
3/22/1963,17
3/23/1963,34
3/24/1963,16
3/25/1963,15
3/26/1963,15
3/27/1963,82
3/28/1963,181
3/29/1963,63
3/30/1963,38
3/31/1963,35
4/1/1963,28
4/2/1963,24
4/3/1963,22
4/4/1963,21
4/5/1963,20
4/6/1963,130
4/7/1963,78
4/8/1963,42
4/9/1963,56
4/10/1963,42
4/11/1963,34
4/12/1963,28
4/13/1963,32
4/14/1963,157
4/15/1963,103
4/16/1963,66
4/17/1963,53
4/18/1963,42
4/19/1963,94
4/20/1963,98
4/21/1963,65
4/22/1963,50
4/23/1963,44
4/24/1963,39
4/25/1963,44
4/26/1963,44
4/27/1963,32
4/28/1963,29
4/29/1963,27
4/30/1963,26
5/1/1963,24
5/2/1963,23
5/3/1963,22
5/4/1963,21
5/5/1963,19
5/6/1963,16
5/7/1963,15
5/8/1963,16
5/9/1963,18
5/10/1963,19
5/11/1963,24
5/12/1963,20
5/13/1963,17
5/14/1963,15
5/15/1963,13
5/16/1963,12
5/17/1963,12
5/18/1963,11
5/19/1963,10
5/20/1963,10
5/21/1963,10
5/22/1963,10
5/23/1963,10
5/24/1963,9.3
5/25/1963,8.2
5/26/1963,7.9
5/27/1963,7.9
5/28/1963,7.3
5/29/1963,7.3
5/30/1963,7.6
5/31/1963,7
6/1/1963,6.4
6/2/1963,6.1
6/3/1963,5.8
6/4/1963,5.8
6/5/1963,5.8
6/6/1963,5.8
6/7/1963,5.8
6/8/1963,6.4
6/9/1963,6.4
6/10/1963,6.7
6/11/1963,7
6/12/1963,6.4
6/13/1963,6.4
6/14/1963,6.4
6/15/1963,6.1
6/16/1963,5.8
6/17/1963,5.2
6/18/1963,4.8
6/19/1963,4.5
6/20/1963,4.5
6/21/1963,4.5
6/22/1963,4.5
6/23/1963,4.3
6/24/1963,4.1
6/25/1963,3.9
6/26/1963,4.1
6/27/1963,4.1
6/28/1963,4.1
6/29/1963,3.9
6/30/1963,4.1
7/1/1963,3.9
7/2/1963,3.7
7/3/1963,3.7
7/4/1963,3.4
7/5/1963,3.4
7/6/1963,3.2
7/7/1963,2.8
7/8/1963,2.5
7/9/1963,2.3
7/10/1963,2
7/11/1963,1.9
7/12/1963,1.9
7/13/1963,1.7
7/14/1963,1.7
7/15/1963,1.6
7/16/1963,1.3
7/17/1963,1.4
7/18/1963,1
7/19/1963,1.2
7/20/1963,1.7
7/21/1963,1.2
7/22/1963,1.3
7/23/1963,1.3
7/24/1963,1.1
7/25/1963,0.7
7/26/1963,0.7
7/27/1963,0.6
7/28/1963,0.7
7/29/1963,0.8
7/30/1963,0.7
7/31/1963,0.8
8/1/1963,0.8
8/2/1963,1
8/3/1963,1
8/4/1963,1
8/5/1963,1
8/6/1963,0.9
8/7/1963,0.9
8/8/1963,1
8/9/1963,1.2
8/10/1963,1.2
8/11/1963,1
8/12/1963,0.9
8/13/1963,0.8
8/14/1963,0.7
8/15/1963,0.7
8/16/1963,2.7
8/17/1963,7
8/18/1963,6.4
8/19/1963,5.8
8/20/1963,5.5
8/21/1963,4.8
8/22/1963,4.1
8/23/1963,3.2
8/24/1963,3.2
8/25/1963,3.2
8/26/1963,3.2
8/27/1963,3
8/28/1963,2.8
8/29/1963,2.6
8/30/1963,2.8
8/31/1963,2.8
9/1/1963,2.6
9/2/1963,2.5
9/3/1963,2.2
9/4/1963,2.3
9/5/1963,2.3
9/6/1963,2.2
9/7/1963,2
9/8/1963,2
9/9/1963,2
9/10/1963,1.9
9/11/1963,1.9
9/12/1963,2.4
9/13/1963,1.3
9/14/1963,1.2
9/15/1963,1.2
9/16/1963,1.2
9/17/1963,1.2
9/18/1963,1.7
9/19/1963,2.5
9/20/1963,2.3
9/21/1963,2.3
9/22/1963,2.2
9/23/1963,2.2
9/24/1963,1.9
9/25/1963,1.7
9/26/1963,1.6
9/27/1963,1.5
9/28/1963,1.5
9/29/1963,1.5
9/30/1963,1.5
10/1/1963,1.5
10/2/1963,1.5
10/3/1963,1.6
10/4/1963,1.6
10/5/1963,1.6
10/6/1963,1.7
10/7/1963,1.3
10/8/1963,0.8
10/9/1963,0.7
10/10/1963,2.5
10/11/1963,7.7
10/12/1963,1.7
10/13/1963,1.2
10/14/1963,1.1
10/15/1963,2.2
10/16/1963,1.6
10/17/1963,1.1
10/18/1963,1.1
10/19/1963,1.1
10/20/1963,1
10/21/1963,1
10/22/1963,1.1
10/23/1963,1.5
10/24/1963,1.9
10/25/1963,4.9
10/26/1963,0.9
10/27/1963,0.8
10/28/1963,1.1
10/29/1963,1.6
10/30/1963,1.3
10/31/1963,0.7
11/1/1963,0.7
11/2/1963,0.7
11/3/1963,0.7
11/4/1963,1.1
11/5/1963,4.6
11/6/1963,3
11/7/1963,1.3
11/8/1963,1.2
11/9/1963,1.3
11/10/1963,1.1
11/11/1963,1
11/12/1963,1
11/13/1963,1
11/14/1963,8.8
11/15/1963,5
11/16/1963,1.9
11/17/1963,1.6
11/18/1963,1.5
11/19/1963,34
11/20/1963,19
11/21/1963,2.5
11/22/1963,6.3
11/23/1963,30
11/24/1963,13
11/25/1963,3.9
11/26/1963,3
11/27/1963,3.8
11/28/1963,2.6
11/29/1963,2.6
11/30/1963,2.2
12/1/1963,2
12/2/1963,1.9
12/3/1963,1.9
12/4/1963,1.9
12/5/1963,1.9
12/6/1963,1.9
12/7/1963,1.9
12/8/1963,2.4
12/9/1963,3.6
12/10/1963,2.2
12/11/1963,1.9
12/12/1963,1.7
12/13/1963,1.9
12/14/1963,1.7
12/15/1963,1.9
12/16/1963,1.9
12/17/1963,1.9
12/18/1963,1.9
12/19/1963,2.2
12/20/1963,2.2
12/21/1963,1.9
12/22/1963,1.9
12/23/1963,1.9
12/24/1963,1.7
12/25/1963,1.6
12/26/1963,1.6
12/27/1963,1.6
12/28/1963,1.5
12/29/1963,1.7
12/30/1963,1.7
12/31/1963,1.5
1/1/1964,1.7
1/2/1964,1.7
1/3/1964,1.5
1/4/1964,1.4
1/5/1964,1.3
1/6/1964,1.4
1/7/1964,1.6
1/8/1964,1.5
1/9/1964,1.4
1/10/1964,1.5
1/11/1964,1.5
1/12/1964,1.5
1/13/1964,1.9
1/14/1964,1.6
1/15/1964,1.2
1/16/1964,1.2
1/17/1964,2.1
1/18/1964,7.1
1/19/1964,14
1/20/1964,109
1/21/1964,189
1/22/1964,149
1/23/1964,57
1/24/1964,31
1/25/1964,23
1/26/1964,19
1/27/1964,16
1/28/1964,13
1/29/1964,11
1/30/1964,10
1/31/1964,9.3
2/1/1964,8.6
2/2/1964,8.6
2/3/1964,7.3
2/4/1964,7.3
2/5/1964,7
2/6/1964,6.7
2/7/1964,5.8
2/8/1964,6.1
2/9/1964,5.8
2/10/1964,5.8
2/11/1964,5.5
2/12/1964,4.8
2/13/1964,5
2/14/1964,4.8
2/15/1964,5.2
2/16/1964,4.5
2/17/1964,4.3
2/18/1964,4.3
2/19/1964,4.3
2/20/1964,3.7
2/21/1964,3.4
2/22/1964,3.4
2/23/1964,3.7
2/24/1964,3.7
2/25/1964,3.7
2/26/1964,3.2
2/27/1964,3.2
2/28/1964,3.4
2/29/1964,3.2
3/1/1964,4.2
3/2/1964,5
3/3/1964,3.7
3/4/1964,3.4
3/5/1964,3.4
3/6/1964,3.4
3/7/1964,3.7
3/8/1964,2.8
3/9/1964,3
3/10/1964,3
3/11/1964,3.2
3/12/1964,2.8
3/13/1964,3
3/14/1964,2.5
3/15/1964,2.3
3/16/1964,2
3/17/1964,1.9
3/18/1964,2.1
3/19/1964,1.5
3/20/1964,1.7
3/21/1964,3.2
3/22/1964,11
3/23/1964,5
3/24/1964,3.9
3/25/1964,2.5
3/26/1964,2.2
3/27/1964,1.6
3/28/1964,1.7
3/29/1964,1.9
3/30/1964,1.9
3/31/1964,1.6
4/1/1964,1.9
4/2/1964,1.7
4/3/1964,1.6
4/4/1964,1.5
4/5/1964,1.5
4/6/1964,1.6
4/7/1964,1.6
4/8/1964,1.6
4/9/1964,1.6
4/10/1964,1.5
4/11/1964,1.4
4/12/1964,1.3
4/13/1964,1.3
4/14/1964,1.1
4/15/1964,1.1
4/16/1964,1.2
4/17/1964,1.9
4/18/1964,1.5
4/19/1964,1.4
4/20/1964,1.4
4/21/1964,1.3
4/22/1964,1.5
4/23/1964,1.4
4/24/1964,1.2
4/25/1964,1
4/26/1964,0.9
4/27/1964,0.9
4/28/1964,0.9
4/29/1964,1
4/30/1964,1
5/1/1964,1.3
5/2/1964,1.2
5/3/1964,1.6
5/4/1964,3.9
5/5/1964,1.9
5/6/1964,1.3
5/7/1964,1.3
5/8/1964,1.6
5/9/1964,1.5
5/10/1964,1
5/11/1964,3.9
5/12/1964,1.4
5/13/1964,0.9
5/14/1964,0.9
5/15/1964,0.9
5/16/1964,1
5/17/1964,1.4
5/18/1964,1.2
5/19/1964,1.1
5/20/1964,0.9
5/21/1964,0.7
5/22/1964,2.1
5/23/1964,2.7
5/24/1964,1.1
5/25/1964,1.1
5/26/1964,0.8
5/27/1964,0.8
5/28/1964,0.7
5/29/1964,0.7
5/30/1964,0.7
5/31/1964,0.7
6/1/1964,1.1
6/2/1964,1.2
6/3/1964,1.2
6/4/1964,1.1
6/5/1964,1.1
6/6/1964,0.7
6/7/1964,0.8
6/8/1964,4.9
6/9/1964,2.3
6/10/1964,1.3
6/11/1964,1.1
6/12/1964,0.9
6/13/1964,0.8
6/14/1964,0.7
6/15/1964,0.7
6/16/1964,0.5
6/17/1964,0.5
6/18/1964,0.4
6/19/1964,0.4
6/20/1964,0.3
6/21/1964,0.3
6/22/1964,0.2
6/23/1964,0.2
6/24/1964,0.1
6/25/1964,0.1
6/26/1964,0.1
6/27/1964,0.1
6/28/1964,0.1
6/29/1964,0.1
6/30/1964,0.1
7/1/1964,0.1
7/2/1964,0.1
7/3/1964,0.1
7/4/1964,0.1
7/5/1964,0.1
7/6/1964,0.1
7/7/1964,0.1
7/8/1964,0
7/9/1964,0
7/10/1964,0
7/11/1964,0
7/12/1964,0
7/13/1964,0
7/14/1964,0
7/15/1964,0
7/16/1964,0
7/17/1964,0
7/18/1964,0
7/19/1964,0
7/20/1964,0.1
7/21/1964,0
7/22/1964,0
7/23/1964,0
7/24/1964,0
7/25/1964,0
7/26/1964,0
7/27/1964,0
7/28/1964,0
7/29/1964,0
7/30/1964,0
7/31/1964,0
8/1/1964,0
8/2/1964,0
8/3/1964,0
8/4/1964,0
8/5/1964,0
8/6/1964,0
8/7/1964,0
8/8/1964,0
8/9/1964,0
8/10/1964,0
8/11/1964,0
8/12/1964,0
8/13/1964,0
8/14/1964,0
8/15/1964,0
8/16/1964,0
8/17/1964,0
8/18/1964,0
8/19/1964,0
8/20/1964,0
8/21/1964,0
8/22/1964,0
8/23/1964,0
8/24/1964,0
8/25/1964,0
8/26/1964,0
8/27/1964,0
8/28/1964,0
8/29/1964,0
8/30/1964,0
8/31/1964,0
9/1/1964,0
9/2/1964,0
9/3/1964,0
9/4/1964,0
9/5/1964,0
9/6/1964,0
9/7/1964,0
9/8/1964,0
9/9/1964,0
9/10/1964,0
9/11/1964,0
9/12/1964,0
9/13/1964,0
9/14/1964,0
9/15/1964,0
9/16/1964,1.6
9/17/1964,7.6
9/18/1964,6.9
9/19/1964,4.8
9/20/1964,4.8
9/21/1964,4.9
9/22/1964,3.7
9/23/1964,3.4
9/24/1964,3
9/25/1964,2.6
9/26/1964,2.5
9/27/1964,2.2
9/28/1964,1.5
9/29/1964,0.7
9/30/1964,0.3
10/1/1964,0.2
10/2/1964,0.2
10/3/1964,0.1
10/4/1964,0.1
10/5/1964,0.1
10/6/1964,0.1
10/7/1964,0.1
10/8/1964,0.1
10/9/1964,0.1
10/10/1964,0.5
10/11/1964,1.1
10/12/1964,1
10/13/1964,1.1
10/14/1964,1.3
10/15/1964,0.7
10/16/1964,0
10/17/1964,0
10/18/1964,0
10/19/1964,0
10/20/1964,0
10/21/1964,0
10/22/1964,0
10/23/1964,0
10/24/1964,0
10/25/1964,0
10/26/1964,0
10/27/1964,0
10/28/1964,0.4
10/29/1964,0.7
10/30/1964,0.1
10/31/1964,0.1
11/1/1964,0.1
11/2/1964,0.3
11/3/1964,0.1
11/4/1964,0.1
11/5/1964,0.1
11/6/1964,0.1
11/7/1964,0.1
11/8/1964,0.9
11/9/1964,2.3
11/10/1964,7.1
11/11/1964,2.7
11/12/1964,2.4
11/13/1964,0.5
11/14/1964,0.3
11/15/1964,0.3
11/16/1964,0.3
11/17/1964,0.3
11/18/1964,0.3
11/19/1964,0.3
11/20/1964,0.3
11/21/1964,0.4
11/22/1964,0.3
11/23/1964,0.3
11/24/1964,0.3
11/25/1964,0.3
11/26/1964,0.4
11/27/1964,0.3
11/28/1964,0.3
11/29/1964,0.3
11/30/1964,0.3
12/1/1964,0.3
12/2/1964,0.3
12/3/1964,0.3
12/4/1964,0.3
12/5/1964,0.3
12/6/1964,0.3
12/7/1964,0.3
12/8/1964,0.3
12/9/1964,0.3
12/10/1964,0.3
12/11/1964,0.3
12/12/1964,0.3
12/13/1964,0.2
12/14/1964,0.3
12/15/1964,0.3
12/16/1964,0.2
12/17/1964,0.2
12/18/1964,0.3
12/19/1964,0.5
12/20/1964,1
12/21/1964,5.6
12/22/1964,94
12/23/1964,227
12/24/1964,217
12/25/1964,105
12/26/1964,140
12/27/1964,192
12/28/1964,172
12/29/1964,260
12/30/1964,182
12/31/1964,182
1/1/1965,93
1/2/1965,86
1/3/1965,185
1/4/1965,148
1/5/1965,340
1/6/1965,401
1/7/1965,254
1/8/1965,150
1/9/1965,114
1/10/1965,93
1/11/1965,80
1/12/1965,66
1/13/1965,53
1/14/1965,49
1/15/1965,44
1/16/1965,40
1/17/1965,35
1/18/1965,32
1/19/1965,42
1/20/1965,34
1/21/1965,28
1/22/1965,26
1/23/1965,90
1/24/1965,73
1/25/1965,42
1/26/1965,35
1/27/1965,33
1/28/1965,30
1/29/1965,27
1/30/1965,24
1/31/1965,26
2/1/1965,24
2/2/1965,22
2/3/1965,21
2/4/1965,28
2/5/1965,41
2/6/1965,24
2/7/1965,20
2/8/1965,18
2/9/1965,18
2/10/1965,16
2/11/1965,15
2/12/1965,15
2/13/1965,15
2/14/1965,16
2/15/1965,14
2/16/1965,13
2/17/1965,13
2/18/1965,12
2/19/1965,12
2/20/1965,13
2/21/1965,12
2/22/1965,11
2/23/1965,10
2/24/1965,10
2/25/1965,10
2/26/1965,10
2/27/1965,16
2/28/1965,12
3/1/1965,9.7
3/2/1965,9
3/3/1965,9
3/4/1965,9
3/5/1965,10
3/6/1965,10
3/7/1965,10
3/8/1965,10
3/9/1965,9.7
3/10/1965,9.7
3/11/1965,9.3
3/12/1965,46
3/13/1965,28
3/14/1965,14
3/15/1965,13
3/16/1965,12
3/17/1965,12
3/18/1965,11
3/19/1965,11
3/20/1965,10
3/21/1965,9.3
3/22/1965,9
3/23/1965,8.6
3/24/1965,8.2
3/25/1965,8
3/26/1965,9.3
3/27/1965,29
3/28/1965,12
3/29/1965,9
3/30/1965,8.6
3/31/1965,22
4/1/1965,12
4/2/1965,9.7
4/3/1965,9
4/4/1965,9.3
4/5/1965,9
4/6/1965,9.3
4/7/1965,9.3
4/8/1965,17
4/9/1965,133
4/10/1965,64
4/11/1965,32
4/12/1965,24
4/13/1965,20
4/14/1965,18
4/15/1965,18
4/16/1965,52
4/17/1965,22
4/18/1965,20
4/19/1965,18
4/20/1965,21
4/21/1965,21
4/22/1965,16
4/23/1965,15
4/24/1965,14
4/25/1965,13
4/26/1965,12
4/27/1965,11
4/28/1965,9.7
4/29/1965,9.3
4/30/1965,9
5/1/1965,9
5/2/1965,8.6
5/3/1965,8.2
5/4/1965,8
5/5/1965,7.7
5/6/1965,8.6
5/7/1965,9.7
5/8/1965,9.3
5/9/1965,9.3
5/10/1965,9.3
5/11/1965,5.6
5/12/1965,3.4
5/13/1965,3.1
5/14/1965,4.9
5/15/1965,7.2
5/16/1965,7
5/17/1965,4.7
5/18/1965,2.5
5/19/1965,2.2
5/20/1965,2.2
5/21/1965,2.1
5/22/1965,2.2
5/23/1965,2.1
5/24/1965,2.2
5/25/1965,4.8
5/26/1965,6
5/27/1965,4.8
5/28/1965,2.2
5/29/1965,2.2
5/30/1965,2.2
5/31/1965,2.2
6/1/1965,2.2
6/2/1965,2.2
6/3/1965,2.2
6/4/1965,2.2
6/5/1965,2.1
6/6/1965,2.2
6/7/1965,2.3
6/8/1965,2.2
6/9/1965,2.1
6/10/1965,2.1
6/11/1965,2
6/12/1965,12
6/13/1965,20
6/14/1965,7.2
6/15/1965,0.9
6/16/1965,0.8
6/17/1965,0.8
6/18/1965,0.8
6/19/1965,0.8
6/20/1965,0.7
6/21/1965,0.8
6/22/1965,0.8
6/23/1965,0.8
6/24/1965,0.8
6/25/1965,0.8
6/26/1965,0.8
6/27/1965,0.8
6/28/1965,0.8
6/29/1965,0.7
6/30/1965,0.7
7/1/1965,0.8
7/2/1965,0.9
7/3/1965,0.8
7/4/1965,0.8
7/5/1965,0.8
7/6/1965,0.8
7/7/1965,0.9
7/8/1965,0.9
7/9/1965,0.8
7/10/1965,0.8
7/11/1965,0.8
7/12/1965,0.8
7/13/1965,0.8
7/14/1965,0.8
7/15/1965,0.7
7/16/1965,0.7
7/17/1965,0.7
7/18/1965,0.7
7/19/1965,1
7/20/1965,1.5
7/21/1965,1.7
7/22/1965,1.7
7/23/1965,1.7
7/24/1965,1.7
7/25/1965,1.7
7/26/1965,1.6
7/27/1965,1.6
7/28/1965,1.5
7/29/1965,1.5
7/30/1965,1.5
7/31/1965,1.4
8/1/1965,1.4
8/2/1965,1.4
8/3/1965,1.4
8/4/1965,1.4
8/5/1965,1.5
8/6/1965,1.5
8/7/1965,1.5
8/8/1965,1.5
8/9/1965,2
8/10/1965,2
8/11/1965,2.2
8/12/1965,1.8
8/13/1965,1.8
8/14/1965,1.7
8/15/1965,1.6
8/16/1965,1.6
8/17/1965,2
8/18/1965,2.4
8/19/1965,2.5
8/20/1965,2.5
8/21/1965,2.5
8/22/1965,2.5
8/23/1965,2.4
8/24/1965,2.3
8/25/1965,2.5
8/26/1965,2.1
8/27/1965,1.4
8/28/1965,0.6
8/29/1965,0.6
8/30/1965,0.6
8/31/1965,0.8
9/1/1965,0.8
9/2/1965,0.7
9/3/1965,0.3
9/4/1965,0.1
9/5/1965,0.1
9/6/1965,0.1
9/7/1965,0.1
9/8/1965,0.3
9/9/1965,0.4
9/10/1965,0.4
9/11/1965,0.4
9/12/1965,0.4
9/13/1965,0.4
9/14/1965,0.3
9/15/1965,0.1
9/16/1965,0.1
9/17/1965,0.1
9/18/1965,0.1
9/19/1965,0.1
9/20/1965,0.1
9/21/1965,0.1
9/22/1965,0.3
9/23/1965,0.3
9/24/1965,0.3
9/25/1965,0.3
9/26/1965,0.3
9/27/1965,0.3
9/28/1965,0.4
9/29/1965,0.3
9/30/1965,0.3